UUID;Name;Kategorie;Bezugsgroesse;Bezugseinheit;Referenzfluss-Name;Schuettdichte (kg/m3);Flaechengewicht (kg/m2);Rohdichte (kg/m3);Schichtdicke (m);Ergiebigkeit (m2);Laengengewicht (kg/m);Umrechungsfaktor auf 1kg;Ergänzt;Quelle
8d06b1df-e898-4009-adee-57ca44aaafcc;BauderTHERMOFOL;Kunststoffe / Dachbahnen / PVC-Dachbahnen;1;qm;1 m² BauderTHERMOFOL U (12/15/18/20/24), U (15/18/20) V und M (12/15/18/20);;1,938;;;;;;;
9179f12a-8fef-4319-a150-a6bb1286c37c;BauderTHERMOPLAN;Kunststoffe / Dachbahnen / Elastomer-Dachbahnen;1;qm;1 m² BauderTHERMOPLAN T(12/15/16/18/20) und T (15/18/20) V;;2,21;;;;;;;
d4680073-0c9c-40f4-842f-c6830856812c;Betonpflaster- Standardstein grau mit Vorsatz;Mineralische Baustoffe / Steine und Elemente / Betonfertigteile und Betonwaren;1;qm;1 m² Betonpflasterstein, 10 cm (225 kg/m²);;225;;0,1;;;0,0044;Schichtdicke;Referenzfluss-Name
1a7c1457-bbf6-4d40-a94d-1cac4d663baa;Betonpflasterstein mit Edelsplittvorsatzbeton;Mineralische Baustoffe / Steine und Elemente / Betonfertigteile und Betonwaren;1;qm;Betonpflasterstein 1 m² mit 12 cm Dicke;;270;;0,12;;;0,0037;Schichtdicke;Referenzfluss-Name
284efda1-bb16-453a-bc32-070f3bab4cb3;Betonpflasterstein mit schwarz-weiß meliertem Vorsatz;Mineralische Baustoffe / Steine und Elemente / Betonfertigteile und Betonwaren;1;qm;Betonpflasterstein mit schwarz-weiß meliertem Vorsatz;;135;;0,06;;;0,0074;Schichtdicke;Referenzfluss-Name
d9a1408e-b6bf-4fac-9b94-d89b580cc131;Fortrac® MPT;Kunststoffe / Folien und Vliese / Technische Textilien;1;qm;1 m2 geosynthetisches Gitter;;;;;;;2,75;;
de0c1710-057b-46ff-b6da-9fb26c113fa3;FW 50 BF.HI;Komponenten von Fenstern und Vorhangfassaden / Rahmen / Profile / Aluminium;1;null;FW 50+ BF.HI B x H: 3050 mm x 3050 mm Additional Info from Xml: Die oberflächenbehandelten Aluminiumprofile werden auf Maß geschnitten und für die entsprechende Rahmengröße konfektioniert. Der dabei entstehende Verschnitt an Aluminiumprofilen wird dem Recycling zugeführt. Die Isolationsprofile werden mit den Aluminiumprofilen fest verbunden. Anschließend werden die Profile am Baukörper zu Rahmen fest verbunden und die Dichtungen in die vorgesehenen Nuten eingezogen. Danach wird die Verglasung eingesetzt und mit Verglasungsprofilen gesichert. In die Fassadenrahmenkonstruktion können auch fertige Fensterlemente Schüco AWS eingebaut werden. Abschließend erfolgt eine Funktionskontrolle. Technische Daten: Gemäß CE-Kennzeichnung sind für Feld 1 folgende bautechnische Daten für das Element zu nennen: Deklarierte Einheit: Die deklarierte Einheit ist ein Fassadenelement mit der Größe 3050 mm x 3050 mm.;;;;;;;;;
a287ee57-814f-4a5d-bccd-64b207385f47;FWS 50 SI;Komponenten von Fenstern und Vorhangfassaden / Rahmen / Profile / Aluminium;1;null;Schüco FWS 50 B x H: 3050 mm x 3050 mm Additional Info from Xml: Die oberflächenbehandelten Aluminiumprofile werden auf Maß geschnitten und für die entsprechende Rahmengröße konfektioniert. Der dabei entstehende Verschnitt an Aluminiumprofilen wird dem Recycling zugeführt. Die Isolationsprofile werden mit den Aluminiumprofilen fest verbunden. Anschließend werden die Profile am Baukörper zu Rahmen fest verbunden und die Dichtungen in die vorgesehenen Nuten eingezogen. Danach wird die Verglasung eingesetzt und mit Verglasungsprofilen gesichert. In die Fassadenrahmenkonstruktion können auch fertige Fensterlemente Schüco AWS eingebaut werden. Abschließend erfolgt eine Funktionskontrolle. Technische Daten: Gemäß CE-Kennzeichnung sind für Feld 1 folgende bautechnische Daten für das Element zu nennen: Deklarierte Einheit: Die deklarierte Einheit ist ein Fassadenelement mit der Größe 3050 mm x 3050 mm.;;;;;;;;;
18e5028c-9327-4429-92da-eb90ee5d05cc;Glasarmierungsgitter;Dämmstoffe / Wärmedämmverbundsystem / Wärmedämmverbundsystem;1;qm;1 m² Glasarmierungsgitter (Flächengewicht 160 g/m²);;0,16;;;;;6,25;;
a2b5b7c9-db13-4dbd-be23-b0ff9f0cbd98;Keramische Fliesen und Platten;Mineralische Baustoffe / Steine und Elemente / Fliesen und Platten;1;qm;1 m² durchschnittliche Fliese (18,65 kg/m²);;18,65;;;;;0,0536;;
58cd0d81-3a5c-43be-b94c-2979f4e30f80;pladur®;Metalle / Stahl und Eisen / Stahlbleche;1;qm;1 m² pladur®;;6,084;;;;;0,164;;
880e05ea-55c6-4346-a3ea-5af0e5f299e2;PU-Dämmplatten aus Blockschaumstoff;Dämmstoffe / Polyurethan-Hartschaum (PU) / PU Blockschaum;1;qm;1 m² installierte PU-Dämmplatte aus Blockschaumstoff;;;33;;;;;;
e24a3ad6-9df3-4165-b8f0-393211a7838a;Rhepanol hfk;Kunststoffe / Dachbahnen / PIB-Dachbahnen (Polyisobutylen);1;qm;1 m² Dachbahn;;1,934;;;;;0,517;;
aa728ab7-e807-4cbf-9769-973a674cbe13;Rhepanol hfk-sk;Kunststoffe / Dachbahnen / PIB-Dachbahnen (Polyisobutylen);1;qm;1 m² Dachbahn;;2,139;;;;;0,468;;
00b700ef-2d55-4434-b91d-c97cc1f85d40;SCHÜCO ADS 75.SI;Komponenten von Fenstern und Vorhangfassaden / Türen und Tore / Aluminium;1;pcs.;Schüco ADS 75.SI B x H: 1100 mm x 2200 mm;;;;;;;;;
8db37c49-5e41-43b6-8c20-1bc646afda62;SCHÜCO ADS 80 FR 60;Komponenten von Fenstern und Vorhangfassaden / Türen und Tore / Aluminium;1;pcs.;Schüco ADS 80 FR 60 B x H: 1100 mm x 2200 mm;;;;;;;;;
6adf0159-37a0-47d0-86d4-54d193b1a3e1;SCHÜCO AWS 75.SI;Komponenten von Fenstern und Vorhangfassaden / Rahmen / Profile / Aluminium;1;pcs.;Schüco AWS 75.SI+ B x H: 1230 mm x 1480 mm;;;;;;;;;
4623cdde-5fb5-41ee-bda5-4ea48e9ebb3a;Stabilenka®;Kunststoffe / Folien und Vliese / Technische Textilien;1;qm;1 m2 geosynthetisches Gewebe;;;;;;;1,23;;
d4523d5d-6956-4717-99d4-9a7aa1ebde99;Tectofin RV;Kunststoffe / Dachbahnen / PVC-Dachbahnen;1;qm;1 m² Tectofin RV;;2;;;;;0,5;;
279613ea-381d-414d-9d35-a7622c3d4bf9;WDVS mit EPS Dämmplatte geklebt;Dämmstoffe / Wärmedämmverbundsystem / Wärmedämmverbundsystem;1;qm;1 m² WDVS, EPS geklebt, mit 160 mm Dämmstoffdicke, 13,8 kg/m²;;13,8;;0,16;;;0,072;Schichtdicke;Referenzfluss-Name
8d6e3557-1c45-458e-a7cd-2964d6339c7e;WDVS mit EPS geklebt und gedübelt;Dämmstoffe / Wärmedämmverbundsystem / Wärmedämmverbundsystem;1;qm;1 m² WDVS EPS geklebt und gedübelt, mit 160 mm Dämmstoffdicke, 14,1 kg/m²;;14,1;;0,16;;;0,071;Schichtdicke;Referenzfluss-Name
cc522095-42b9-49ef-ae6e-2d39cd851513;WDVS mit Mineralfaser Dämmplatte geklebt und gedübelt;Dämmstoffe / Wärmedämmverbundsystem / Wärmedämmverbundsystem;1;qm;1 m² WDVS Mineralwolle, geklebt und gedübelt, mit 160 mm Dämmstoffdicke, 30,6 kg/m²;;30,6;;0,16;;;0,033;Schichtdicke;Referenzfluss-Name
3110be3a-bfc8-4c7b-96aa-b52cfe037f6d;WDVS mit Mineralfaser Lamellen- Dämmplatten geklebt;Dämmstoffe / Wärmedämmverbundsystem / Wärmedämmverbundsystem;1;qm;1 m² WDVS Mineralwolle-Lamelle geklebt, mit 180 mm Dämmstoffdicke, 31,1 kg/m²;;31,1;;0,18;;;0,032;Schichtdicke;Referenzfluss-Name
fa3a0f7d-842b-4161-a83e-04c690248185;WDVS mit Schienenbefestigung;Dämmstoffe / Wärmedämmverbundsystem / Wärmedämmverbundsystem;1;qm;1 m² WDVS EPS mit Schiene, geklebt und gedübelt, mit 160 mm Dämmstoffdicke, 10,9 kg/m²;;10,9;;0,16;;;0,092;Schichtdicke;Referenzfluss-Name
97c15191-118f-4b6b-a55a-e241ea1690a4;Wolfin M;Kunststoffe / Dachbahnen / PVC-Dachbahnen;1;qm;1 m² Wolfin M 1,5 mm;;2,02;;;;;0,495;;
10f0560b-4b39-484c-8159-a5545acc7ca3;BauderTHERMOFIN;Kunststoffe / Dachbahnen / Elastomer-Dachbahnen;1;qm;1 m² BauderTHERMOFIN F (12/15/16/18/20) und F (15/18/20) V;;1,934;;;;;0,517;;
03998c02-90d1-41cd-9c68-83ffec88d125;PU-Dämmplatten mit Mineralvlies-Deckschicht;Dämmstoffe / Polyurethan-Hartschaum (PU) / PU mit Mineralvlies;1;qm;1 m² installierte PU-Dämmplatte mit Mineralvlies-Deckschicht;;;31;;;;;;
b29f31dc-bf1b-4214-98b4-fc2b52165a86;PU-Dämmplatten mit 50 µm Aluminium-Deckschicht;Dämmstoffe / Polyurethan-Hartschaum (PU) / PU mit Aluminium;1;qm;1 m² installierte PU-Dämmplatte mit 50 µm Aluminium-Deckschicht;;;31;;;;;;
ee4fb7c2-6119-4f00-8cb6-fc74cb66fe9a;PU-Dämmplatten mit Aluminium-Mehrlagen-Deckschicht;Dämmstoffe / Polyurethan-Hartschaum (PU) / PU mit Aluminium;1;qm;1 m² installierte PU-Dämmplatte mit Aluminium-Mehrlagen-Deckschicht;;;31;;;;;;
e920d325-c474-4ff4-b84a-531af01c7759;Admonter Massivholzmehrschichtprodukte;Holz / Vollholz / Brettschichtholzplatte;1;qm;1 m² Massivholzmehrschichtprodukt;;8,125;;;;;0,123;;
2ad0fca7-2c3d-4305-9be1-073a1b72b087;Isospan 1 Holzbetonmantelsteine mit Holzfaserdämmung OEKOPUR S 36,5/16,5 ohne Füllbeton;Mineralische Baustoffe / Steine und Elemente / Betonfertigteile und Betonwaren;1;qm;Isospan 1 Holzbetonmantelsteine mit Holzfaserdämmung OEKOPUR S 36,5-16,5 ohne Füllbeton Additional Info from Xml: Die Herstellung des Holzspanbetons erfolgt im Werk in Ramingstein. Dabei werden Holzspäne, Zement und Wasser gemischt, in Formkästen gefüllt und die Dämmstoffeinlage zugegeben. ;;79,5;218;;;;;Bezugseinheit;http://www.bau-epd.at/wp-content/uploads/2017/08/EPD_GaBi_Isospan-2017-1_OEKOPUR_20170809-oBeton.pdf
c0dea00e-60ed-497b-9b90-87b4d4e767e7;Isospan 2 Holzbetonmantelsteine mit EPS-Dämmung SILVER S 25/6 ohne Füllbeton;Mineralische Baustoffe / Steine und Elemente / Betonfertigteile und Betonwaren;1;qm;Isospan 2 Holzbetonmantelsteine mit EPS-Dämmung SILVER S 25/6 ohne Füllbeton Additional Info from Xml: Die Herstellung des Holzspanbetons erfolgt im Werk in Ramingstein. Dabei werden Holzspäne, Zement und Wasser gemischt, in Formkästen gefüllt und die Dämmstoffeinlage zugegeben. ;;59,6;238;;;;;Bezugseinheit;siehe Link oben
b2226ee0-acb4-4eaf-a4a3-ff2fd24fdb62;Isospan 2 Holzbetonmantelsteine mit EPS-Dämmung SILVER S 30/5 ohne Füllbeton;Mineralische Baustoffe / Steine und Elemente / Betonfertigteile und Betonwaren;1;qm;Isospan 2 Holzbetonmantelsteine mit EPS-Dämmung SILVER S 30/5 ohne Füllbeton Additional Info from Xml: Die Herstellung des Holzspanbetons erfolgt im Werk in Ramingstein. Dabei werden Holzspäne, Zement und Wasser gemischt, in Formkästen gefüllt und die Dämmstoffeinlage zugegeben. ;;69,2;231;;;;;Bezugseinheit;siehe Link oben
657cd1e6-1691-4eea-a853-1df984bcee01;Isospan 2 Holzbetonmantelsteine mit EPS-Dämmung SILVER S 30/7 ohne Füllbeton;Mineralische Baustoffe / Steine und Elemente / Betonfertigteile und Betonwaren;1;qm;Isospan 2 Holzbetonmantelsteine mit EPS-Dämmung SILVER S 30/7 ohne Füllbeton Additional Info from Xml: Die Herstellung des Holzspanbetons erfolgt im Werk in Ramingstein. Dabei werden Holzspäne, Zement und Wasser gemischt, in Formkästen gefüllt und die Dämmstoffeinlage zugegeben. ;;70,8;236;;;;;Bezugseinheit;siehe Link oben
985a94db-d4ad-460c-bf5b-4d909a3d9075;Isospan 2 Holzbetonmantelsteine mit EPS-Dämmung SILVER S 30/9 ohne Füllbeton;Mineralische Baustoffe / Steine und Elemente / Betonfertigteile und Betonwaren;1;qm;Isospan 2 Holzbetonmantelsteine mit EPS-Dämmung SILVER S 30/9 ohne Füllbeton Additional Info from Xml: Die Herstellung des Holzspanbetons erfolgt im Werk in Ramingstein. Dabei werden Holzspäne, Zement und Wasser gemischt, in Formkästen gefüllt und die Dämmstoffeinlage zugegeben. ;;70,2;234;;;;;Bezugseinheit;siehe Link oben
8ef6efbf-9a86-4c08-80aa-c9eb327f0804;Isospan 2 Holzbetonmantelsteine mit EPS-Dämmung SILVER S 36,5/13,5 ohne Füllbeton;Mineralische Baustoffe / Steine und Elemente / Betonfertigteile und Betonwaren;1;qm;Isospan 2 Holzbetonmantelsteine mit EPS-Dämmung SILVER S 36,5/13,5 ohne Füllbeton Additional Info from Xml: Die Herstellung des Holzspanbetons erfolgt im Werk in Ramingstein. Dabei werden Holzspäne, Zement und Wasser gemischt, in Formkästen gefüllt und die Dämmstoffeinlage zugegeben. ;;67,8;186;;;;;Bezugseinheit;siehe Link oben
9b1f7394-fa8b-4364-baee-a8109d94660d;Isospan 2 Holzbetonmantelsteine mit EPS-Dämmung SILVER S 36,5/16,5 ohne Füllbeton;Mineralische Baustoffe / Steine und Elemente / Betonfertigteile und Betonwaren;1;qm;Isospan 2 Holzbetonmantelsteine mit EPS-Dämmung SILVER S 36,5/16,5 ohne Füllbeton Additional Info from Xml: Die Herstellung des Holzspanbetons erfolgt im Werk in Ramingstein. Dabei werden Holzspäne, Zement und Wasser gemischt, in Formkästen gefüllt und die Dämmstoffeinlage zugegeben. ;;63,7;175;;;;;Bezugseinheit;siehe Link oben
f8cd76cb-b180-46cd-916a-bffb2fb341a4;Isospan 2 Holzbetonmantelsteine mit EPS-Dämmung SILVER S 36,5/5 ohne Füllbeton;Mineralische Baustoffe / Steine und Elemente / Betonfertigteile und Betonwaren;1;qm;Isospan 2 Holzbetonmantelsteine mit EPS-Dämmung SILVER S 36,5/5 ohne Füllbeton Additional Info from Xml: Die Herstellung des Holzspanbetons erfolgt im Werk in Ramingstein. Dabei werden Holzspäne, Zement und Wasser gemischt, in Formkästen gefüllt und die Dämmstoffeinlage zugegeben. ;;87;238;;;;;Bezugseinheit;siehe Link oben
ca4bb781-7313-47a9-a566-4c60af01362e;Isospan 3 Holzbetonmantelsteine mit PU-Dämmung ISOPUR S 36,5/16,5 ohne Füllbeton;Mineralische Baustoffe / Steine und Elemente / Betonfertigteile und Betonwaren;1;qm;Isospan 3 Holzbetonmantelsteine mit PU-Dämmung ISOPUR S 36,5/16,5 ohne Füllbeton Additional Info from Xml: Die Herstellung des Holzspanbetons erfolgt im Werk in Ramingstein. Dabei werden Holzspäne, Zement und Wasser gemischt, in Formkästen gefüllt und die Dämmstoffeinlage zugegeben. ;;66,6;182;;;;;Bezugseinheit;siehe Link oben
8425d306-3cbc-44df-844d-f29a691de378;Isospan 4 Holzbetonmantelsteine Normalstein I 25 ohne Füllbeton;Mineralische Baustoffe / Steine und Elemente / Betonfertigteile und Betonwaren;1;qm;Isospan 4 Holzbetonmantelsteine Normalstein I 25 ohne Füllbeton Additional Info from Xml: Die Herstellung des Holzspanbetons erfolgt im Werk in Ramingstein. Dabei werden Holzspäne, Zement und Wasser gemischt und in Formkästen gefüllt.;;77,8;311;;;;;Bezugseinheit;siehe Link oben
8a78734f-63dc-4f49-8054-2de042f9b868;Isospan 4 Holzbetonmantelsteine Normalstein I 30 ohne Füllbeton;Mineralische Baustoffe / Steine und Elemente / Betonfertigteile und Betonwaren;1;qm;Isospan 4 Holzbetonmantelsteine Normalstein I 30 ohne Füllbeton Additional Info from Xml: Die Herstellung des Holzspanbetons erfolgt im Werk in Ramingstein. Dabei werden Holzspäne, Zement und Wasser gemischt und in Formkästen gefüllt.;;82,2;274;;;;;Bezugseinheit;siehe Link oben
404751ce-9ef4-466d-83db-78a4bdacc559;Isospan 4 Holzbetonmantelsteine Normalstein N 15 ohne Füllbeton;Mineralische Baustoffe / Steine und Elemente / Betonfertigteile und Betonwaren;1;qm;Isospan 4 Holzbetonmantelsteine Normalstein N 15 ohne Füllbeton Additional Info from Xml: Die Herstellung des Holzspanbetons erfolgt im Werk in Ramingstein. Dabei werden Holzspäne, Zement und Wasser gemischt und in Formkästen gefüllt.;;59;393;;;;;Bezugseinheit;siehe Link oben
98fc3019-6555-4742-9524-a55c3f47f6c9;Isospan 4 Holzbetonmantelsteine Normalstein N 18 ohne Füllbeton;Mineralische Baustoffe / Steine und Elemente / Betonfertigteile und Betonwaren;1;qm;Isospan 4 Holzbetonmantelsteine Normalstein N 18 ohne Füllbeton Additional Info from Xml: Die Herstellung des Holzspanbetons erfolgt im Werk in Ramingstein. Dabei werden Holzspäne, Zement und Wasser gemischt und in Formkästen gefüllt.;;49;272;;;;;Bezugseinheit;siehe Link oben
f3dafca9-7688-48ce-91f5-b77f6037e217;Isospan 4 Holzbetonmantelsteine Normalstein N 20 ohne Füllbeton;Mineralische Baustoffe / Steine und Elemente / Betonfertigteile und Betonwaren;1;qm;Isospan 4 Holzbetonmantelsteine Normalstein N 20 ohne Füllbeton Additional Info from Xml: Die Herstellung des Holzspanbetons erfolgt im Werk in Ramingstein. Dabei werden Holzspäne, Zement und Wasser gemischt und in Formkästen gefüllt.;;62,2;311;;;;;Bezugseinheit;siehe Link oben
983a5a12-fd92-4c9b-a6b6-6813230b1aca;Isospan 4 Holzbetonmantelsteine Normalstein N 22 ohne Füllbeton;Mineralische Baustoffe / Steine und Elemente / Betonfertigteile und Betonwaren;1;qm;Isospan 4 Holzbetonmantelsteine Normalstein N 22 ohne Füllbeton Additional Info from Xml: Die Herstellung des Holzspanbetons erfolgt im Werk in Ramingstein. Dabei werden Holzspäne, Zement und Wasser gemischt und in Formkästen gefüllt.;;60,8;276;;;;;Bezugseinheit;siehe Link oben
56545408-c87b-42a2-ae4c-37140cfa2c29;Isospan 4 Holzbetonmantelsteine Normalstein N 25 ohne Füllbeton;Mineralische Baustoffe / Steine und Elemente / Betonfertigteile und Betonwaren;1;qm;Isospan 4 Holzbetonmantelsteine Normalstein N 25 ohne Füllbeton Additional Info from Xml: Die Herstellung des Holzspanbetons erfolgt im Werk in Ramingstein. Dabei werden Holzspäne, Zement und Wasser gemischt und in Formkästen gefüllt.;;78;312;;;;;Bezugseinheit;siehe Link oben
0504b48b-81ca-47b4-bc7a-ecdaa6701cc9;Isospan 4 Holzbetonmantelsteine Normalstein TW 30 ohne Füllbeton;Mineralische Baustoffe / Steine und Elemente / Betonfertigteile und Betonwaren;1;qm;Isospan 4 Holzbetonmantelsteine Normalstein TW 30 ohne Füllbeton Additional Info from Xml: Die Herstellung des Holzspanbetons erfolgt im Werk in Ramingstein. Dabei werden Holzspäne, Zement und Wasser gemischt und in Formkästen gefüllt.;;105,4;351;;;;;Bezugseinheit;siehe Link oben
79512d1c-6c63-4d30-b368-16b24737ddb1;Tensar TriAX TX 130 S-G Geogitter;Kunststoffe / Folien und Vliese / Technische Textilien;1;null;Tensar TriAX TX 130S-G Geogitter Additional Info from Xml: Die Herstellung des Geogitter erfolgt am Standort in Blackburn. Die Rohstoffe werden mittels Extrusion, Punching und Stretching Prozesse verarbeitet.;;0,281;;0,01;;;;;
30d039df-678c-4a2b-9b0d-0985348d9bc1;Tensar TriAX TX 130 S-GD Geogitter;Kunststoffe / Folien und Vliese / Technische Textilien;1;null;Tensar TriAX TX 130S-GD Geogitter Additional Info from Xml: Die Herstellung des Geogitter erfolgt am Standort in Blackburn. Die Rohstoffe werden mittels Extrusion, Punching und Stretching Prozesse verarbeitet.;;0,368;;0,01;;;;;
ff763631-3fad-4cfe-bcd8-3a6ae400520f;Tensar TriAX TX 130S Geogitter;Kunststoffe / Folien und Vliese / Technische Textilien;1;null;Tensar TriAX TX 130S Geogitter Additional Info from Xml: Die Herstellung des Geogitter erfolgt am Standort in Blackburn. Die Rohstoffe werden mittels Extrusion, Punching und Stretching Prozesse verarbeitet.;;0,184;;0,01;;;;;
8fcd6530-5227-465f-9f5a-0dd17fb0a11e;Tensar TriAX TX 140 Geogitter;Kunststoffe / Folien und Vliese / Technische Textilien;1;null;Tensar TriAX TX 140 Geogitter Additional Info from Xml: Die Herstellung des Geogitter erfolgt am Standort in Blackburn. Die Rohstoffe werden mittels Extrusion, Punching und Stretching Prozesse verarbeitet.;;0,175;;0,01;;;;;
1c8b079d-8a3e-4eef-ab8e-3f1c185dcffa;Tensar TriAX TX 150 Geogitter;Kunststoffe / Folien und Vliese / Technische Textilien;1;null;Tensar TriAX TX 150 Geogitter Additional Info from Xml: Die Herstellung des Geogitter erfolgt am Standort in Blackburn. Die Rohstoffe werden mittels Extrusion, Punching und Stretching Prozesse verarbeitet.;;0,189;;0,01;;;;;
5427c2a5-0158-479a-826d-64d467556edb;Tensar TriAX TX 150-GD Geogitter;Kunststoffe / Folien und Vliese / Technische Textilien;1;null;Tensar TriAX TX 150-GD Geogitter Additional Info from Xml: Die Herstellung des Geogitter erfolgt am Standort in Blackburn. Die Rohstoffe werden mittels Extrusion, Punching und Stretching Prozesse verarbeitet.;;0,367;;0,01;;;;;
eb987474-1dbc-4b50-a9c5-36b138bb051e;Tensar TriAX TX 160 Geogitter;Kunststoffe / Folien und Vliese / Technische Textilien;1;null;Tensar TriAX TX 160 Geogitter Additional Info from Xml: Die Herstellung des Geogitter erfolgt am Standort in Blackburn. Die Rohstoffe werden mittels Extrusion, Punching und Stretching Prozesse verarbeitet.;;0,231;;0,01;;;;;
23e32f6f-42b1-4468-abae-e8be9fe9fd46;Tensar TriAX TX 160-G Geogitter;Kunststoffe / Folien und Vliese / Technische Textilien;1;null;Tensar TriAX TX 160-G Geogitter Additional Info from Xml: Die Herstellung des Geogitter erfolgt am Standort in Blackburn. Die Rohstoffe werden mittels Extrusion, Punching und Stretching Prozesse verarbeitet.;;0,348;;0,01;;;;;
a4a4bf14-7133-48ed-89d4-b3fc68e86c7c;Tensar TriAX TX 170 Geogitter;Kunststoffe / Folien und Vliese / Technische Textilien;1;null;Tensar TriAX TX 170 Geogitter Additional Info from Xml: Die Herstellung des Geogitter erfolgt am Standort in Blackburn. Die Rohstoffe werden mittels Extrusion, Punching und Stretching Prozesse verarbeitet.;;0,273;;0,01;;;;;
1e7a529a-d2fa-4ef5-92de-0af69eeb7b86;Tensar TriAX TX 170-GD Geogitter;Kunststoffe / Folien und Vliese / Technische Textilien;1;null;Tensar TriAX TX 170-GD Geogitter Additional Info from Xml: Die Herstellung des Geogitter erfolgt am Standort in Blackburn. Die Rohstoffe werden mittels Extrusion, Punching und Stretching Prozesse verarbeitet.;;0,437;;0,01;;;;;
2912f061-b8eb-4173-aeac-cf71ff9d9e62;Tensar TriAX TX 180 Geogitter;Kunststoffe / Folien und Vliese / Technische Textilien;1;null;Tensar TriAX TX 180 Geogitter Additional Info from Xml: Die Herstellung des Geogitter erfolgt am Standort in Blackburn. Die Rohstoffe werden mittels Extrusion, Punching und Stretching Prozesse verarbeitet.;;0,315;;0,01;;;;;
055e59ef-f034-430d-9ee1-db993dfa3a7a;Tensar TriAX TX 190L Geogitter;Kunststoffe / Folien und Vliese / Technische Textilien;1;null;Tensar TriAX TX 190L Geogitter Additional Info from Xml: Die Herstellung des Geogitter erfolgt am Standort in Blackburn. Die Rohstoffe werden mittels Extrusion, Punching und Stretching Prozesse verarbeitet.;;0,318;;0,01;;;;;
55141e01-120e-4766-a4ec-15f62d40017a;Tensar TriAX TX 190L-G Geogitter;Kunststoffe / Folien und Vliese / Technische Textilien;1;null;Tensar TriAX TX 190L-G Geogitter Additional Info from Xml: Die Herstellung des Geogitter erfolgt am Standort in Blackburn. Die Rohstoffe werden mittels Extrusion, Punching und Stretching Prozesse verarbeitet.;;0,434;;0,01;;;;;
9acfcfb5-e1ad-4490-bad1-096a76cf23b6;Tensar TriAX TX 190L-GD Geogitter;Kunststoffe / Folien und Vliese / Technische Textilien;1;null;Tensar TriAX TX 190L-GD Geogitter Additional Info from Xml: Die Herstellung des Geogitter erfolgt am Standort in Blackburn. Die Rohstoffe werden mittels Extrusion, Punching und Stretching Prozesse verarbeitet.;;1;;0,01;;;;;
54611e43-ebcd-41a4-a16c-356e8780e3c9;Tensar TriAX TX 190L-GN Geogitter;Kunststoffe / Folien und Vliese / Technische Textilien;1;null;Tensar TriAX TX 190L-GN Geogitter Additional Info from Xml: Die Herstellung des Geogitter erfolgt am Standort in Blackburn. Die Rohstoffe werden mittels Extrusion, Punching und Stretching Prozesse verarbeitet.;;0,628;;0,01;;;;;
63bb567f-e2c7-46c7-947f-edf620f1064f;Tensar TriAX TX 5 Geogitter;Kunststoffe / Folien und Vliese / Technische Textilien;1;null;Tensar TriAX TX 5 Geogitter Additional Info from Xml: Die Herstellung des Geogitter erfolgt am Standort in Blackburn. Die Rohstoffe werden mittels Extrusion, Punching und Stretching Prozesse verarbeitet.;;0,189;;0,01;;;;;
ffd9a444-d0cb-47a2-bc25-32c19c85979b;Tensar TriAX TX 7 Geogitter;Kunststoffe / Folien und Vliese / Technische Textilien;1;null;Tensar TriAX TX 5 Geogitter Additional Info from Xml: Die Herstellung des Geogitter erfolgt am Standort in Blackburn. Die Rohstoffe werden mittels Extrusion, Punching und Stretching Prozesse verarbeitet.;;0,189;;0,01;;;;;
a4fb9ec0-d5ae-414b-a0a1-2cf7f586022d;Betonfertigteil Decke 40cm;Mineralische Baustoffe / Steine und Elemente / Betonfertigteile und Betonwaren;1;qm;Betonfertigteil Decke 40cm (m2);;1008;;0,4;;;;Schichtdicke;Referenzfluss-Name
3470c523-ffcd-48df-93ff-dedfde86572a;Betonfertigteil Wand 40cm;Mineralische Baustoffe / Steine und Elemente / Betonfertigteile und Betonwaren;1;qm;Betonfertigteil Wand 40cm (m2);;971;;0,4;;;;Schichtdicke;Referenzfluss-Name
fcf6494c-aad2-4180-b1a2-392cc954ae52;Fassadenfarbe Dispersionsfarbe;Beschichtungen / Fassadenfarben / Dispersion;1;kg;Farbe (Dispersionsfarbe);;;;;;;;;
f939c2b2-7f3d-40f8-9903-d0fc30a62d91;Pfosten/Riegel System aus Stahl mit Dreifachverglasung Fassade;Komponenten von Fenstern und Vorhangfassaden / Rahmen / Profile / Stahl;1;qm;Stahl-Pfosten-Riegelfassaden;;21,4;;;;;;;
ecf20fae-fe11-41ad-b248-8b4118fd7cc7;Eloxiertes Aluminiumblech;Metalle / Oberflächenbehandlung und Beschichtung von Metallen / Anodisieren von Aluminium;1;qm;Aluminium (eloxiert, m2);;1;;;;;;;
e24f9f47-8580-45c2-b16d-45145d65a813;Faserzementplatte;Mineralische Baustoffe / Steine und Elemente / Faserzement;1;qm;Faserzement Fassadentafeln (beschichtet);;;1300;0,01;;;;Schichtdicke;https://oekobaudat.de/OEKOBAU.DAT/datasetdetail/process.xhtml?uuid=e24f9f47-8580-45c2-b16d-45145d65a813&version=20.19.120&stock=OBD_2021_I&lang=de
e2306538-776d-4bc5-ae3b-1c920fb40285;Blähglas Körnung;Mineralische Baustoffe / Zuschläge / Blähglas;1;kg;Blähglas;;;;;;;;;
dfa64bbb-dc8d-497b-9557-300416b8448f;Aluminium-Rahmenprofil, thermisch getrennt, pulverbeschichtet;Komponenten von Fenstern und Vorhangfassaden / Rahmen / Profile / Aluminium thermisch getrennt;1;m;Aluminium-Rahmenprofil, thermisch getrennt, pulverbeschichtet (m);;;;;;1,43;;;
d61a6f60-bcca-4bf6-a151-bd076b4c3366;Pulverbeschichten von Metallen;Metalle / Oberflächenbehandlung und Beschichtung von Metallen / Pulverbeschichten;1;qm;Pulverbeschichtetes Metall, pro m2;;0,18;;;;;;;
d5fe89f0-5fd2-4981-bb87-e74bbf13ef88;Lacksysteme Holzfenster Grundierung weiß;Beschichtungen / Lacke und Lasuren / Lacksysteme Holzfenster;1;kg;Lacksysteme Holzfenster;;;;;;;;;
ccdb5f3c-7305-46c7-ad5b-a05bb922a743;Kunststeinplatte (Epoxidharz gebunden);Mineralische Baustoffe / Steine und Elemente / Kunststein;1;qm;Kunststeinplatte (Epoxidharz gebunden) [m2];;52;;0,02;;;;Schichtdicke;https://oekobaudat.de/OEKOBAU.DAT/datasetdetail/process.xhtml?uuid=ccdb5f3c-7305-46c7-ad5b-a05bb922a743&version=20.19.120&stock=OBD_2021_I&lang=de
c1cacd2c-d98d-4795-84db-b567d25bb1ed;Aluminium-Flügelrahmenprofil, thermisch getrennt, pulverbeschichtet;Komponenten von Fenstern und Vorhangfassaden / Rahmen / Profile / Aluminium thermisch getrennt;1;m;Aluminium-Flügelrahmenprofil, thermisch getrennt, pulverbeschichtet (m);;;;;;1,51;;;
c1bc4706-9d3a-4468-8ecb-5a569226d75f;Lacksysteme Holzfassade deckend (Decklacksystem);Beschichtungen / Lacke und Lasuren / Lacksysteme Holzfassade;1;kg;Lacksysteme Holzfassade;;;;;;;;;
c1328d7d-8ad6-4e74-a701-ffab0c542534;Parkettlack transparent;Beschichtungen / Lacke und Lasuren / Parkettlack;1;kg;Parkettlack;;;;;;;;;
bff01a9a-6b09-429f-b7ff-17d84fbef7ec;EVA-Dachbahnen;Kunststoffe / Dachbahnen / EVA-Dachbahnen (Etylen-Vinylacetat);1;qm;EVA-Dachbahn (m2);;2;;;;;;;
bc2f9dde-f2a6-4630-bf7c-0ad3870012ef;Steinzeugfliesen unglasiert;Mineralische Baustoffe / Steine und Elemente / Fliesen und Platten;1;qm;Steinzeugfliesen unglasiert (m2);;20;;;;;;;
b342696e-2ebb-4fe1-a71d-f3520db0cee9;Betonfertigteil Wand 12cm;Mineralische Baustoffe / Steine und Elemente / Betonfertigteile und Betonwaren;1;qm;Betonfertigteil Wand 12cm (m2);;291,3;;0,12;;;;Schichtdicke;Referenzfluss-Name
b1ea7c10-4471-4485-95bf-7dc0a00025b6;Kraftpapier;Kunststoffe / Folien und Vliese / Baupappen;1;qm;Kraftpapier m2;;0,08;;;;;;;
ab0a0f3c-41f6-4b0a-a12c-f8bd0c8a4a23;Betonfertigteil Treppe (1,1 m Breite, 9 Stufen a 16 cm);Mineralische Baustoffe / Steine und Elemente / Betonfertigteile und Betonwaren;1;pcs.;Betonfertigteil Treppe (1,1 m Breite, 9 Stufen a 16 cm) (Stücl);;;;;;;;;
aaf4baca-7530-435b-8736-0bd3bb51e36d;ECB Kunststoff-Dachbahn nach DIN 16729 (mit PES Vlies);Kunststoffe / Dachbahnen / ECB-Dachbahnen (Ethylen-Copolymer-Bitumen);1;qm;ECB Kunststoff-Dachbahn (mit PES Vlies) [m2];;2,32;;0,002;;;;Schichtdicke;https://oekobaudat.de/OEKOBAU.DAT/datasetdetail/process.xhtml?uuid=aaf4baca-7530-435b-8736-0bd3bb51e36d&version=20.19.120&stock=OBD_2021_I&lang=de
a60431a7-10aa-4106-bc7c-c6acb01ee9b3;Pfosten/Riegelsystem aus Stahl;Komponenten von Fenstern und Vorhangfassaden / Rahmen / Profile / Stahl;1;m;Pfosten-Riegel-System (Stahl);;;;;;;;;
93eac197-0003-41ea-b81f-e517dd3389fb;Metallbeschichtung (wasserbasiert);Metalle / Oberflächenbehandlung und Beschichtung von Metallen / (Nass-) Lackieren von Metallen;1;qm;Metallbeschichtung (wasserbasiert) (m2);;0,29;;;;;;;
9357b7fc-cf0a-45fc-8299-e794e3889a40;Betonfertigteil Decke 20cm;Mineralische Baustoffe / Steine und Elemente / Betonfertigteile und Betonwaren;1;qm;Betonfertigteil Decke 20cm (m2);;504;;0,2;;;;Schichtdicke;Referenzfluss-Name
91ea177a-e65a-4fe2-ac2d-2f378a03e168;Flügelrahmen PVC-U;Komponenten von Fenstern und Vorhangfassaden / Rahmen / Profile / PVC;1;m;Flügelrahmen PVC-U (m);;;;;;3,1;;;
900336a3-b5f9-4c40-91a9-f9551f84ac64;PE-HD mit PP-Vlies zur Abdichtung;Kunststoffe / Folien und Vliese / Folien zur Abdichtung;1;qm;PE-HD mit PP-Vlies zur Abdichtung m2;;1,3;;;;;;;
8de12467-96a0-459e-9f97-90e95fb7b23f;Naturbims Körnung;Mineralische Baustoffe / Zuschläge / Bims;1;kg;Bimskies;;;;;;;;;
8d6eba49-1c20-444a-8b34-0b6b47379618;Pfosten/Riegelsystem aus Aluminium mit Dreifachverglasung Fassade;Komponenten von Fenstern und Vorhangfassaden / Rahmen / Profile / Aluminium thermisch getrennt;1;qm;Aluminium-Pfosten-Riegelfassaden;;16,5;;;;;;;
8b3ee4e2-c086-41dc-bd07-e9e853f9da8b;Aluminium-Rahmenprofil, pulverbeschichtet;Komponenten von Fenstern und Vorhangfassaden / Rahmen / Profile / Aluminium;1;m;Aluminium-Rahmenprofil, pulverbeschichtet (m);;;;;;1,02;;;
85c41389-d62e-4dff-a819-896b35367cbc;Voranstrich (Silikat-Dispersion);Mineralische Baustoffe / Mörtel und Beton / Putz und Putzmörtel;1;kg;Putz (Silikat-Dispersion);;;;;;;;;
859897ae-5ea2-4b55-9508-49297dd6ba6c;Parkettlack (Grundierung Holz, wasserverdünnt);Beschichtungen / Lacke und Lasuren / Parkettlack;1;kg;Parkettlack;;;;;;;;;
82c7e263-3026-45f8-aec7-ebdf818464e4;Perlite 0-1;Mineralische Baustoffe / Zuschläge / Perlite;1;kg;Perlite (0/1);;;;;;;;;
826fa2c2-c691-4844-83d3-aea0e8a54bcd;Dachziegel;Mineralische Baustoffe / Steine und Elemente / Dachziegel;1;qm;Dachziegel (m2);;45;;;;;;;
815fb8f6-04cc-494d-ab6b-1b6eae98bfca;Fassadenfarbe Silikonharzfarbe;Beschichtungen / Fassadenfarben / Silikonharz;1;kg;Fasadenfarbe;;;;;;;;;
7baed44c-c80b-4340-b3af-f01d71fbbb43;Kalkfarbe;Beschichtungen / Innenbeschichtungen / Innenfarben;1;kg;Kalkfarbe (Innenbereich, wasserbasiert);;0,2;;;;;;;
79075297-4dc0-42c6-bc90-e3bf9fa0fb4c;Natursteinplatte, weich, Fassade;Mineralische Baustoffe / Steine und Elemente / Naturwerkstein;1;qm;Natursteinplatte, weich, Fassade (m2);;104;;;;;;;
785d5ac4-c69d-4e00-941e-26433c1d023d;Aluminiumfolie (d=0,1 mm);Metalle / Aluminium / Aluminiumfolie;1;qm;Aluminiumfolie [m2];;0,28;;0,0001;;;;Schichtdicke;Name
7502766c-df2f-4f8d-8d45-17bb6938eac8;Splitt 2/15 (getrocknet);Mineralische Baustoffe / Zuschläge / Naturstein;1;kg;Splitt (2/15);;;;;;;;;
66990642-726e-4483-abc3-d5d0b4d7a5e7;Aluminium-Flügelrahmenprofil, pulverbeschichtet;Komponenten von Fenstern und Vorhangfassaden / Rahmen / Profile / Aluminium;1;m;Aluminium-Flügelrahmenprofil, pulverbeschichtet (m);;;;;;0,98;;;
5e90e94d-6e79-4d9f-854c-fb33f15c033e;Blendrahmen PVC-U;Komponenten von Fenstern und Vorhangfassaden / Rahmen / Profile / PVC;1;m;Blendrahmen PVC-U (m);;;;;;2,8;;;
5662c927-cd47-46e5-b753-925db31b9870;Sonnenschutztuch;Kunststoffe / Folien und Vliese / Technische Textilien;1;qm;Textil-Sonnenschutz;;0,4;;;;;;;
50c9e674-afd9-456c-9440-6506bec6d55b;Feuerverzinktes Stahlblech;Metalle / Stahl und Eisen / Stahlbleche;1;qm;Stahl (feuerverzinkt);;5,72;;;;;;;
4bb6f0f6-178c-41e0-8700-bd597f23ccb8;Dampfbremse PA;Kunststoffe / Folien und Vliese / Dampfbremse / Dampfsperre;1;qm;Dampfbremse PA;;0,08;;;;;;;
44c57da1-24ce-488d-b4f9-283fa603cc9d;Perlite 0-3;Mineralische Baustoffe / Zuschläge / Perlite;1;kg;Perlite (0/3);;;;;;;;;
4127e60a-3c42-4076-83f5-5232b4ed642e;Holz-Blendrahmen;Komponenten von Fenstern und Vorhangfassaden / Rahmen / Profile / Holz;1;m;Holzfensterrahmen;;;;;;2,11;;;
35be6146-5a80-4a9e-a32d-5d05c03a8d5c;Innenfarbe Dispersionsfarbe scheuerfest;Beschichtungen / Innenbeschichtungen / Innenfarben;1;kg;Dispersionsfarbe (scheuerfest);;;;;;;;;
318f08e0-1b04-49eb-ab16-531482cd75da;Holz-Flügelrahmen;Komponenten von Fenstern und Vorhangfassaden / Rahmen / Profile / Holz;1;m;Flügelrahmen;;;;;;2,11;;;
2e5ca27a-fcd0-4dc1-b0ab-4a4c7eb4e030;Lacksysteme Holzfenster Decklack weiß;Beschichtungen / Lacke und Lasuren / Lacksysteme Holzfenster;1;kg;Lacksysteme Holzfenster;;;;;;;;;
26ad7410-7fcb-42e8-b622-d1ba2edbf10c;Splitt 2/15;Mineralische Baustoffe / Zuschläge / Naturstein;1;kg;Splitt (2/15);;;;;;;;;
207cde6a-73be-4ffb-972d-30d3d8619fc3;Gipskartonplatte (Lochplatte);Mineralische Baustoffe / Steine und Elemente / Gipsplatten;1;qm;Gipskartonplatte (Lochplatte) [m2];;8,5;;;;;;;
206deb33-2710-417d-9b92-aa70c7958334;Baumwolle konventionell;Dämmstoffe / Baumwolle / Baumwolle konventionell;1;kg;Baumwolle, Rohfaser (umfasst Körner und Fasern);;;;;;;;;
1d2945e3-856e-4c5f-9894-e75bafad3a76;Pfosten/Riegelsystem aus Aluminium;Komponenten von Fenstern und Vorhangfassaden / Rahmen / Profile / Aluminium thermisch getrennt;1;m;Pfosten-Riegel-System (Aluminium);;;;;;5,7;;;
1a4a4522-7297-4ae5-a430-689e89ec2159;Lacksysteme Holzfassade halb-pigmentiert (Lasursystem);Beschichtungen / Lacke und Lasuren / Lacksysteme Holzfassade;1;kg;Lacksysteme Holzfassade;;;;;;;;;
118d1b5e-5f22-4d04-8711-c4b02de02209;Metalllack (lösemittelbasiert);Metalle / Oberflächenbehandlung und Beschichtung von Metallen / (Nass-) Lackieren von Metallen;1;qm;Metalllack (lösemittelbasiert) (m2);;0,21;;;;;;;
08138b62-1b5f-497a-bf9a-d7f857a2e575;Lacksysteme Holzfenster Zwischenbeschichtung deckend weiß;Beschichtungen / Lacke und Lasuren / Lacksysteme Holzfenster;1;kg;Lacksysteme Holzfenster;;;;;;;;;
061f0d5b-61f4-476d-9f2e-96f6a6df7786;Baumwolle ökologisch;Dämmstoffe / Baumwolle / Baumwolle ökologisch;1;kg;Baumwollfaser (entkörnt);;;;;;;;;
02f2750e-eec2-492a-9f05-b9600593b6c5;Fassadenfarbe Silikat-Dispersionsfarbe;Beschichtungen / Fassadenfarben / Silikat-Dispersion;1;kg;Farbe (Silikat-Dispersionsfarbe);;;;;;;;;
ff9336ea-fb7f-4299-8a40-5e9a28538c85;Bitumenbahnen PYE PV 200 S5 (ungeschiefert) (Dicke 0,004 m);Kunststoffe / Dachbahnen / Bitumen-Dachbahnen;1;qm;Bitumenbahnen PYE PV 200 S5 (ungeschiefert) (m2);;5,21;;0,004;;;;Schichtdicke;Name
ef0d9cbc-4e89-4e78-8cb2-68f02a49b87d;Natursteinplatte, weich, Innenboden (Dicke 0,020 m);Mineralische Baustoffe / Steine und Elemente / Naturwerkstein;1;qm;Natursteinplatte, weich, Innenboden (m2);;52;;0,02;;;;Schichtdicke;Name
e9be7506-62ce-45b8-853f-c45c3f82401f;Marmorplatte (Dicke 0,02 m);Mineralische Baustoffe / Steine und Elemente / Naturwerkstein;1;qm;Marmorplatte [m2];;52;;0,02;;;;Schichtdicke;Name
e8db532f-ee15-42a4-89c3-5ef789e1fb8f;Natursteinplatte, hart, Innenboden (Dicke 0,02 m);Mineralische Baustoffe / Steine und Elemente / Naturwerkstein;1;qm;Natursteinplatte, hart, Innenboden (m2);;52;;0,02;;;;Schichtdicke;Name
def9e058-ac16-489e-9457-db7645404194;Mineralfaser Deckenplatten (Dicke 0,015 m);Mineralische Baustoffe / Steine und Elemente / Deckenplatten;1;qm;Mineralfaser Deckenplatten [m2];;2,4;;0,015;;;;Schichtdicke;Name
deb7fe73-3eb8-4f80-937b-7ce3a0a977ed;Unterspannbahn PP (Dicke 0,00015 m);Kunststoffe / Folien und Vliese / Unterspannbahn;1;qm;Unterspannbahn PP m2;;0,15;;0,00015;;;;Schichtdicke;Name
da72684f-471c-425b-817d-69f262323f04;Gipskartonplatte (Feuerschutz)(Dicke 0,0125 m);Mineralische Baustoffe / Steine und Elemente / Gipsplatten;1;qm;Gipskartonplatte (Feuerschutz) [m2];;10;;0,0125;;;;Schichtdicke;Name
da4b704a-c901-414f-943f-8e1ff0f4566c;Natursteinplatte, hart, Außenbereich (Dicke 0,08 m);Mineralische Baustoffe / Steine und Elemente / Naturwerkstein;1;qm;Natursteinplatte, hart, Außenbereich (m2);;208;;0,08;;;;Schichtdicke;Name
d56bd904-09a0-4d30-bdbe-5d4f892cc12b;Bitumenbahnen PYE-PV 200 S5 ns (geschiefert) (Dicke 0,004 m);Kunststoffe / Dachbahnen / Bitumen-Dachbahnen;1;qm;Bitumenbahnen PYE-PV 200 S5 ns (geschiefert) (m2);;6,2;;0,004;;;;Schichtdicke;Name
cb3f4a56-460c-4a3e-ae43-3e0a9dcb4319;Natursteinplatte, hart, Fassade (Dicke 0,030 m);Mineralische Baustoffe / Steine und Elemente / Naturwerkstein;1;qm;Natursteinplatte, hart, Fassade (m2);;78;;0,03;;;;Schichtdicke;Name
bc50a404-ddf0-4f37-b62f-95130786b004;Dampfbremse PET gitterverstärkt (Dicke 0,0001 m);Kunststoffe / Folien und Vliese / Dampfbremse / Dampfsperre;1;qm;Dampfbremse PET m2;;0,12;;0,0001;;;;Schichtdicke;Name
b4a0e610-e038-47d3-b86e-cef013cd7c83;Steinzeugfliesen glasiert (Dicke 0,01 m);Mineralische Baustoffe / Steine und Elemente / Fliesen und Platten;1;qm;Steinzeugfliesen glasiert (m2);;20;;0,01;;;;Schichtdicke;Name
ab574186-139f-4816-b7c1-d457b1258c7d;Trockenestrich (Gipskartonplatte) (Dicke 0,025 m);Mineralische Baustoffe / Steine und Elemente / Trockenestrich;1;qm;Trockenestrich (Gipskartonplatte) [m2];;20,07;;0,025;;;;Schichtdicke;Name
a9a79b38-dc2c-4b51-a3cc-cf9fa0d299e7;Trockenestrich (Gipsfaserplatte) (Dicke 0,025 m);Mineralische Baustoffe / Steine und Elemente / Trockenestrich;1;qm;Trockenestrich (Gipsfaserplatte) [m2];;24,07;;0,025;;;;Schichtdicke;Name
a92bd5a5-7cef-4050-8659-20a8d5a7a72b;Unterspannbahn PUR auf PET-Vlies (Dicke 0,0005 m);Kunststoffe / Folien und Vliese / Unterspannbahn;1;qm;Unterspannbahn PUR auf PET-Vlies m2;;0,2;;0,0005;;;;Schichtdicke;Name
99792cbc-c5f4-4d2d-bc9e-3790509891a0;Dampfbremse PE (Dicke 0,0002 m);Kunststoffe / Folien und Vliese / Dampfbremse / Dampfsperre;1;qm;Dampfbremse PE (m2);;0,2;;0,0002;;;;Schichtdicke;Name
9049a94f-a527-4d87-a4b9-5a3a56f5ea19;Schiefer (Dicke 0,011 m);Mineralische Baustoffe / Steine und Elemente / Schiefer;1;qm;Schiefer m2;;30;;0,011;;;;Schichtdicke;Name
8a37ac61-585c-43a8-9773-10fce30096e4;Folie für Gründach (Dicke 0,001 m);Kunststoffe / Folien und Vliese / Unterspannbahn;1;qm;Kunststofffolie (unspezifisch) m2;;1,13;;0,001;;;;Schichtdicke;Name
73d1c1b7-d509-44c8-8518-848babdd7c01;Bitumenbahnen V 60 (Dicke 0,005 m);Kunststoffe / Dachbahnen / Bitumen-Dachbahnen;1;qm;Bitumenbahn V 60 m2;;5;;0,005;;;;Schichtdicke;Name
6d535792-4351-4d7d-97c6-6d2c3624f3e0;Gipsfaserplatte (Dicke 0,01 m);Mineralische Baustoffe / Steine und Elemente / Gipsplatten;1;qm;Gipsfaserplatte (m2);;10;;0,01;;;;Schichtdicke;Name
6aff7a60-d7cd-430e-8b15-02556b6f62ff;Lehmbauplatte (Dicke 0,02 m);Mineralische Baustoffe / Steine und Elemente / Lehmsteine;1;qm;Lehmbauplatte [m2];;14;;0,02;;;;Schichtdicke;Name
66a90b47-27b8-46ce-830e-8ed22f4165d8;Unterspannbahn PE gewebeverstärkt (Dicke 0,00015 m);Kunststoffe / Folien und Vliese / Unterspannbahn;1;qm;Unterspannbahn PE gewebeverstärkt m2;;0,14;;0,00015;;;;Schichtdicke;Name
64da45fc-f415-4875-8a4e-7c23fe7a7aa9;Bitumenbahnen G 200 S4 (Dicke 0,004 m);Kunststoffe / Dachbahnen / Bitumen-Dachbahnen;1;qm;Bitumenbahn G 200 S4;;5;;0,004;;;;Schichtdicke;Name
4f4e989b-bd5e-4d85-9a50-53f3c61eea70;PVC-Dachbahnen (Dicke 0,0012 m);Kunststoffe / Dachbahnen / PVC-Dachbahnen;1;qm;PVC-Dachbahn (m2);;1,5;;0,0012;;;;Schichtdicke;Name
49b4cbe9-ac63-4811-a1c7-dd7278db8ac0;PE-Noppenfolie zur Abdichtung (Dicke 0,00125 m);Kunststoffe / Folien und Vliese / Folien zur Abdichtung;1;qm;PE-Noppenfolie m2;;1,2;;0,00125;;;;Schichtdicke;Name
38a8d707-0c7f-4d91-a3db-9b5b2c9bb147;Gipswandbauplatte (Dicke 0,1 m);Mineralische Baustoffe / Steine und Elemente / Gipsplatten;1;qm;Gipswandbauplatte (m2);;84;;0,1;;;;Schichtdicke;Name
341e2e42-dab2-427b-86f6-a80c701b6071;Dachbahnen EPDM (Dicke 0,0015 m);Kunststoffe / Dachbahnen / Elastomer-Dachbahnen;1;qm;Dachbahn EPDM (m2);;2;;0,0015;;;;Schichtdicke;Name
07423e99-8c7c-4e93-8311-dcf7ae85c41d;Gipskartonplatte (imprägniert) (Dicke 0,0125 m);Mineralische Baustoffe / Steine und Elemente / Gipsplatten;1;qm;Gipskartonplatte (imprägniert) [m2];;10;;0,0125;;;;Schichtdicke;Name
7e083808-ffcb-4c0c-9d52-11c42c2c48e9;Profil - König GmbH & Co. KG - Wandprofil verzinkt CW75;Metalle / Stahl und Eisen / Stahlprofile;1;m;Profil - König GmbH & Co. KG - Wandprofil verzinkt CW75;;;;;;0,86;;;
00402f5e-4a5b-48a5-b1e2-cbd4fddffbe7;Profil - König GmbH & Co. KG - Wandprofil verzinkt CW100;Metalle / Stahl und Eisen / Stahlprofile;1;m;Profil - König GmbH & Co. KG - Wandprofil verzinkt CW100;;;;;;0,96;;;
7065f9ef-8969-4723-b311-c65042481dd1;Profil - König GmbH & Co. KG - Wandprofil verzinkt CW125;Metalle / Stahl und Eisen / Stahlprofile;1;m;Profil - König GmbH & Co. KG - Wandprofil verzinkt CW125;;;;;;1,08;;;
313eef35-fd80-4d4a-b8ab-96762d075cf6;Profil - König GmbH & Co. KG - Wandprofil verzinkt CW150;Metalle / Stahl und Eisen / Stahlprofile;1;m;Profil - König GmbH & Co. KG - Wandprofil verzinkt CW150;;;;;;1,2;;;
26730864-4f60-4274-9d38-5e0b0f0e234f;Profil - König GmbH & Co. KG - Wandprofil verzinkt CW50;Metalle / Stahl und Eisen / Stahlprofile;1;m;Profil - König GmbH & Co. KG - Wandprofil verzinkt CW50;;;;;;0,72;;;
199ca92f-b191-4b77-8140-2b3816bffbfc;Profil - König GmbH & Co. KG - Wandprofil korrosionsgeschützt CW50;Metalle / Stahl und Eisen / Stahlprofile;1;m;Profil - König GmbH & Co. KG - Wandprofil korrosionsgeschützt CW50;;;;;;0,716;;;
25b83cc5-12f5-4c46-a5ec-1ba9c07b237e;Profil - König GmbH & Co. KG - Wandprofil korrosionsgeschützt CW75;Metalle / Stahl und Eisen / Stahlprofile;1;m;Profil - König GmbH & Co. KG - Wandprofil korrosionsgeschützt CW75;;;;;;0,86;;;
63f9442f-4701-42e7-8166-df509288cd88;Profil - König GmbH & Co. KG - Wandprofil korrosionsgeschützt CW150;Metalle / Stahl und Eisen / Stahlprofile;1;m;Profil - König GmbH & Co. KG - Wandprofil korrosionsgeschützt CW150;;;;;;1,195;;;
d8139749-44f9-4658-8528-5547d78a499a;Profil - König GmbH & Co. KG - Wandprofil korrosionsgeschützt CW125;Metalle / Stahl und Eisen / Stahlprofile;1;m;Profil - König GmbH & Co. KG - Wandprofil korrosionsgeschützt CW125;;;;;;1,075;;;
38fe1c7e-9dd1-4b42-bad4-3a9d3f743e2f;Profil - König GmbH & Co. KG - Wandprofil korrosionsgeschützt CW100;Metalle / Stahl und Eisen / Stahlprofile;1;m;Profil - König GmbH & Co. KG - Wandprofil korrosionsgeschützt CW100;;;;;;0,955;;;
b6a0db91-964d-452a-832d-5a26887f63d1;Profil - König GmbH & Co. KG - Deckenprofil verzinkt Hutdecke 98;Metalle / Stahl und Eisen / Stahlprofile;1;m;Profil - König GmbH & Co. KG - Deckenprofil verzinkt Hutdecke 98;;;;;;0,61;;;
fbf50d71-abb0-4567-be08-4311c679973b;Profil - König GmbH & Co. KG - Deckenprofil verzinkt UD28/48;Metalle / Stahl und Eisen / Stahlprofile;1;m;Profil - König GmbH & Co. KG - Deckenprofil verzinkt UD28/48;;;;;;0,48;;;
7f8a6a50-c844-40f8-808b-0e6a14fe7ce0;Profil - König GmbH & Co. KG - Deckenprofil verzinkt CD60/27;Metalle / Stahl und Eisen / Stahlprofile;1;m;Profil - König GmbH & Co. KG - Deckenprofil verzinkt CD60/27;;;;;;0,59;;;
2b008167-5610-4561-86fc-4a1976048366;Profil - König GmbH & Co. KG - Deckenprofil korrosionsgeschützt Hutdecke 98;Metalle / Stahl und Eisen / Stahlprofile;1;m;Profil - König GmbH & Co. KG - Deckenprofil korrosionsgeschützt Hutdecke 98;;;;;;0,61;;;
5da65ba4-67ca-4db3-bfa1-9ccafe5f30da;Profil - König GmbH & Co. KG - Deckenprofil korrosionsgeschützt UD28/48;Metalle / Stahl und Eisen / Stahlprofile;1;m;Profil - König GmbH & Co. KG - Deckenprofil korrosionsgeschützt UD28/48;;;;;;0,48;;;
0571d36b-4912-4e3b-b538-00818c3d52ec;Profil - König GmbH & Co. KG - Deckenprofil korrosionsgeschützt CD60/27;Metalle / Stahl und Eisen / Stahlprofile;1;m;Profil - König GmbH & Co. KG - Deckenprofil korrosionsgeschützt CD60/27;;;;;;0,59;;;
b6762ea6-ca6f-4039-ae9d-8e1f0a146632;Tor - Hörmann Legnica Sp. z o.o - Kipptor ET 500;Komponenten von Fenstern und Vorhangfassaden / Türen und Tore / Stahl;1;qm;Tor - Hörmann Legnica Sp. z o.o - Kipptor ET 500;;36,1;;;;;;;
ffbf8bee-1796-4c5c-a815-41a1a8307de6;Tor - Hörmann Legnica Sp. z o.o - Schwingtor N 500;Komponenten von Fenstern und Vorhangfassaden / Türen und Tore / Stahl;1;qm;Tor - Hörmann Legnica Sp. z o.o - Schwingtor N 500;;28,3;;;;;;;
ef35288f-66e7-4a7b-8f35-1a0a2edb5fef;Tür - Hörmann Legnica Sp. z o.o - Nebentür NT 500;Komponenten von Fenstern und Vorhangfassaden / Türen und Tore / Stahl;1;qm;Tür - Hörmann Legnica Sp. z o.o - Nebentür NT 500;;21,6;;;;;;;
d9184cba-f3ad-4ff0-9c71-90cc6e21fcb8;Tor - Hörmann Legnica Sp. z o.o - Sammelgaragentor ST 500;Komponenten von Fenstern und Vorhangfassaden / Türen und Tore / Stahl;1;qm;Tor - Hörmann Legnica Sp. z o.o - Sammelgaragentor ST 500;;29;;;;;;;
2383b727-ea29-4030-991b-5179e784338b;Tor - Hörmann Legnica Sp. z o.o - Sporthallentor SP 500;Komponenten von Fenstern und Vorhangfassaden / Türen und Tore / Stahl;1;qm;Tor - Hörmann Legnica Sp. z o.o - Sporthallentor SP 500;;28;;;;;;;
857ec105-07bd-4942-8b6a-4ecb6522f00d;Rahmenprofile für Fassaden - HUECK System GmbH & Co. KG - Trigon 60;Komponenten von Fenstern und Vorhangfassaden / Rahmen / Profile / Aluminium thermisch getrennt;1;m;Rahmenprofile für Fassaden - HUECK System GmbH & Co. KG - Trigon 60;;;;;;5,25;;;
fb529c2b-fd76-4645-91ee-e38b3cc234fb;Rahmenprofile für Fassaden - HUECK System GmbH & Co. KG - Trigon 50;Komponenten von Fenstern und Vorhangfassaden / Rahmen / Profile / Aluminium thermisch getrennt;1;m;Rahmenprofile für Fassaden - HUECK System GmbH & Co. KG - Trigon 50;;;;;;4,99;;;
4d22a515-cfcc-4bcb-bbf9-a6e647bed9ab;Tür - Hörmann KG Eckelhausen - Haustür;Komponenten von Fenstern und Vorhangfassaden / Türen und Tore / Aluminium;1;qm;Tür - Hörmann KG Eckelhausen - Haustür;;47;;;;;;;
8526239b-fa75-4b15-b4d5-790f1a15bba6;Tür - Hörmann KG Eckelhausen - Rauchschutztür;Komponenten von Fenstern und Vorhangfassaden / Türen und Tore / Aluminium;1;qm;Tür - Hörmann KG Eckelhausen - Rauchschutztür;;41;;;;;;;
b9c08cf4-c6ad-4f12-bd5a-524c5a10ef51;Tür - Hörmann KG Eckelhausen - Feuerschutztür T30;Komponenten von Fenstern und Vorhangfassaden / Türen und Tore / Aluminium;1;qm;Tür - Hörmann KG Eckelhausen - Feuerschutztür T30;;55;;;;;;;
34a3f341-4af5-4ad4-9e17-6ff9b0713dfc;Tür - Hörmann KG Eckelhausen - Feuerschutztür T90;Komponenten von Fenstern und Vorhangfassaden / Türen und Tore / Aluminium;1;qm;Tür - Hörmann KG Eckelhausen - Feuerschutztür T90;;101;;;;;;;
81f26749-0b39-4eb5-9015-bbebae3c7413;Tor - EFAFLEX Tor- und Sicherheitssysteme GmbH & Co. KG - Schnelllauf-Spiraltor SST Alu;Komponenten von Fenstern und Vorhangfassaden / Türen und Tore / Aluminium;1;qm;Tor - EFAFLEX Tor- und Sicherheitssysteme GmbH & Co. KG - Schnelllauf-Spiraltor SST Alu;;88,54;;;6,3;;;;
52db1ee8-72c2-4c45-97bd-21b9501c59be;Tor - EFAFLEX Tor- und Sicherheitssysteme GmbH & Co. KG - Schnelllauf-Spiraltor SST Stahl;Komponenten von Fenstern und Vorhangfassaden / Türen und Tore / Stahl;1;qm;Tor - EFAFLEX Tor- und Sicherheitssysteme GmbH & Co. KG - Schnelllauf-Spiraltor SST Stahl;;83,4;;;14,3;;;;
4064c6df-dcc8-4a4f-9a67-207dd38398b2;Tor - EFAFLEX Tor- und Sicherheitssysteme GmbH & Co. KG - Schnelllauf-Turbotor STT;Komponenten von Fenstern und Vorhangfassaden / Türen und Tore / Aluminium;1;qm;Tor - EFAFLEX Tor- und Sicherheitssysteme GmbH & Co. KG - Schnelllauf-Turbotor STT;;85,08;;;15,2;;;;
973a5aa1-fc59-4048-98ca-a9d57290bf58;Tor - Teckentrup GmbH & Co. KG - Falttor;Komponenten von Fenstern und Vorhangfassaden / Türen und Tore / Stahl;1;qm;Tor - Teckentrup GmbH & Co. KG - Falttor;;89;;;;;;;
d7b3f8d3-5f65-48c5-b2dd-9c7258546ee3;Tor - Teckentrup GmbH & Co. KG - Schiebetor;Komponenten von Fenstern und Vorhangfassaden / Türen und Tore / Stahl;1;qm;Tor - Teckentrup GmbH & Co. KG - Schiebetor;;125;;;;;;;
6e73328a-962a-43dc-9bbf-91cf6a315b42;Tor - Teckentrup GmbH & Co. KG - Garagensektionaltor;Komponenten von Fenstern und Vorhangfassaden / Türen und Tore / Stahl;1;qm;Tor - Teckentrup GmbH & Co. KG - Garagensektionaltor;;10,9;;;;;;;
4f73e527-0ca3-4d43-8686-1f18d3c6b426;Tor - Teckentrup GmbH & Co. KG - Industriesektionaltor;Komponenten von Fenstern und Vorhangfassaden / Türen und Tore / Stahl;1;qm;Tor - Teckentrup GmbH & Co. KG - Industriesektionaltor;;30,4;;;;;;;
083d5e15-abcd-45d6-91de-726a16b204f1;Tor - Teckentrup GmbH & Co. KG - Rolltor;Komponenten von Fenstern und Vorhangfassaden / Türen und Tore / Stahl;1;qm;Tor - Teckentrup GmbH & Co. KG - Rolltor;;36,3;;;;;;;
2d10d549-e9de-4dbe-a732-4331fa2c5aaa;Tor - Lindab A/S - Sektionaltor LDP;Komponenten von Fenstern und Vorhangfassaden / Türen und Tore / Aluminium;1;qm;Tor - Lindab A/S - Sektionaltor LDP;;19,7;;;;;;;
d8d9558c-e683-456f-8167-df390df76389;Tor - Lindab A/S - Sektionaltor LDC;Komponenten von Fenstern und Vorhangfassaden / Türen und Tore / Stahl;1;qm;Tor - Lindab A/S - Sektionaltor LDC;;21,1;;;;;;;
039317ac-7393-41b2-b91f-7816db173d24;Tor - Lindab A/S - Sektionaltor LDI;Komponenten von Fenstern und Vorhangfassaden / Türen und Tore / Stahl;1;qm;Tor - Lindab A/S - Sektionaltor LDI;;20,3;;;;;;;
24f9f8e0-423c-4fe3-a16a-7b93efae9421;Tür - Teckentrup GmbH & Co. KG - Multifunktionstür;Komponenten von Fenstern und Vorhangfassaden / Türen und Tore / Stahl;1;qm;Tür - Teckentrup GmbH & Co. KG - Multifunktionstür;;44,1;;;;;;;
f70e7397-ab7b-47c8-a172-6992a615ee2e;Blähton Körnung;Mineralische Baustoffe / Zuschläge / Blähton;1;kg;Blähton Korn;;;;;;;;;
e5cd5727-a516-4081-8fdf-4fc0ce142d90;WDVS Verklebung und Beschichtung Kratzputz mineralisch;Dämmstoffe / Wärmedämmverbundsystem / Wärmedämmverbundsystem;1;qm;WDVS Verklebung und Beschichtung Kratzputz mineralisch;;35,18;;;;;;;
94ef6ac0-956a-4d60-9062-990df91e7917;WDVS Verklebung und Beschichtung Silikat-Dispersionsputz;Dämmstoffe / Wärmedämmverbundsystem / Wärmedämmverbundsystem;1;qm;WDVS Verklebung und Beschichtung Silikat-Dispersionsputz;;12,48;;;;;;;
88cc57f7-384d-47a3-826a-e4fce57a32bd;WDVS Verklebung und Beschichtung Kunstharzputz;Dämmstoffe / Wärmedämmverbundsystem / Wärmedämmverbundsystem;1;qm;WDVS Verklebung und Beschichtung Kunstharzputz;;12,48;;;;;;;
6108c144-5112-4f18-bcb1-d1ff8eb831a6;WDVS Verklebung und Beschichtung Leichtputz mineralisch;Dämmstoffe / Wärmedämmverbundsystem / Wärmedämmverbundsystem;1;qm;WDVS Verklebung und Beschichtung Leichtputz mineralisch;;11,4;;;;;;;
49fe2b06-ea9c-4cef-b0a1-a75fd1ed6bf8;WDVS Verklebung und Beschichtung Dekorputz mineralisch;Dämmstoffe / Wärmedämmverbundsystem / Wärmedämmverbundsystem;1;qm;WDVS Verklebung und Beschichtung Dekorputz mineralisch;;17,4;;;;;;;
1b84e630-6489-493e-a066-1b976684dd03;WDVS Verklebung und Beschichtung Silikonharzputz;Dämmstoffe / Wärmedämmverbundsystem / Wärmedämmverbundsystem;1;qm;WDVS Verklebung und Beschichtung Silikonharzputz;;12,3;;;;;;;
85c97417-a0fa-478e-b6e1-e26b097f78a3;Garagensectionaltor-Teckentrup-Stahl;Komponenten von Fenstern und Vorhangfassaden / Türen und Tore / Stahl;1;qm;Tor - Teckentrup GmbH & Co. KG - Garagensektionaltor;;10,9;;;;;;;
2708d43f-7df7-4474-afae-cc86af429b4f;Decke - HT Labor+Hospitaltechnik GmbH - Decke für Hygienebereiche;Komposite / Systembauteile / Decken;1;qm;Decke - HT Labor+Hospitaltechnik GmbH - Decke für Hygienebereiche;;8;;;;;;;
f92dc986-1f9a-42e2-9dbb-3abc2499a1d1;Bodensystem - HT Labor+Hospitaltechnik GmbH - Nasszellen-Boden;Komposite / Systembauteile / Decken;1;qm;Bodensystem - HT Labor+Hospitaltechnik GmbH - Nasszellen-Boden;;45;;;;;;;
d44f6388-8e62-4969-8e54-49a3a173f395;Wandsystem - HT Labor+Hospitaltechnik GmbH - Stahlblech-Paneelwand;Komposite / Systembauteile / Innenwände;1;qm;Wandsystem - HT Labor+Hospitaltechnik GmbH - Stahlblech-Paneelwand;;23;;;;;;;
f696ab8a-9222-42d3-96c9-02da1c8694bc;Wandsystem - HT Labor+Hospitaltechnik GmbH - Glas-Paneelwand;Komposite / Systembauteile / Innenwände;1;qm;Wandsystem - HT Labor+Hospitaltechnik GmbH - Glas-Paneelwand;;38;;;;;;;
f5cc97d5-95a4-4649-954f-6345b53f454a;Wandsystem - HT Labor+Hospitaltechnik GmbH - Fliesen-Paneelwand;Komposite / Systembauteile / Innenwände;1;qm;Wandsystem - HT Labor+Hospitaltechnik GmbH - Fliesen-Paneelwand;;31;;;;;;;
0836552d-9796-47b6-b33b-12ec55050926;Rahmenprofile für Türen - HUECK System GmbH & Co. KG - Lava;Komponenten von Fenstern und Vorhangfassaden / Rahmen / Profile / Aluminium thermisch getrennt;1;m;Rahmenprofile für Türen - HUECK System GmbH & Co. KG - Lava;;;;;;4,63;;;
c2f10adc-56b3-4fff-9a33-6134e7646740;Rahmenprofile für Fenster und Türen - HUECK System GmbH & Co. KG - WS/DS 090;Komponenten von Fenstern und Vorhangfassaden / Rahmen / Profile / Aluminium thermisch getrennt;1;m;Rahmenprofile für Fenster und Türen - HUECK System GmbH & Co. KG - WS/DS 090;;;;;;3,15;;;
b5db085c-fb09-4571-ae2b-594e2fc22baa;Rahmenprofile für Fenster und Türen - HUECK System GmbH & Co. KG - WS/DS 075;Komponenten von Fenstern und Vorhangfassaden / Rahmen / Profile / Aluminium thermisch getrennt;1;m;Rahmenprofile für Fenster und Türen - HUECK System GmbH & Co. KG - WS/DS 075;;;;;;3,13;;;
9ae099db-6bd6-42ba-892f-f1e8cfb507ed;Rahmenprofile für Fenster - HUECK System GmbH & Co. KG - Volato;Komponenten von Fenstern und Vorhangfassaden / Rahmen / Profile / Aluminium thermisch getrennt;1;m;Rahmenprofile für Fenster - HUECK System GmbH & Co. KG - Volato;;;;;;3,25;;;
90e05b8a-e04e-4f8c-bce6-48f55b52bae4;Tor - BVT - Verband Tore - Sektionaltor;Komponenten von Fenstern und Vorhangfassaden / Türen und Tore / Stahl;1;qm;Tor - BVT - Verband Tore - Sektionaltor;;24,7;;;;;;;
2a2237f9-5911-4218-864b-14ef8759dd86;Tor - BVT - Verband Tore - Rolltor und Rollgitter;Komponenten von Fenstern und Vorhangfassaden / Türen und Tore / Stahl;1;qm;Tor - BVT - Verband Tore - Rolltor und Rollgitter;;19,9;;;;;;;
74ea2b8e-7fc1-4bc2-8f73-8a7fc8f242fb;Tür - BVT - Verband Tore - Nebentür;Komponenten von Fenstern und Vorhangfassaden / Türen und Tore / Stahl;1;qm;Tür - BVT - Verband Tore - Nebentür;;16,6;;;;;;;
