UUID;Name;Kategorie;Bezugsgroesse;Bezugseinheit;Referenzfluss-Name;Schuettdichte (kg/m3);Flaechengewicht (kg/m2);Rohdichte (kg/m3);Schichtdicke (m);Ergiebigkeit (m2);Laengengewicht (kg/m);Umrechungsfaktor auf 1kg;EstimatedThickness (kein genauer Wert!!);Ergänzt;Quelle;Anmerkungen;
fcf6494c-aad2-4180-b1a2-392cc954ae52;Fassadenfarbe Dispersionsfarbe;Beschichtungen / Fassadenfarben / Dispersion;1;kg;Farbe (Dispersionsfarbe);;;1560;;;;;;Rohdichte;Ökobaudat Konfiguration;;
02f2750e-eec2-492a-9f05-b9600593b6c5;Fassadenfarbe Silikat-Dispersionsfarbe;Beschichtungen / Fassadenfarben / Silikat-Dispersion;1;kg;Farbe (Silikat-Dispersionsfarbe);;;1530;;;;;;Rohdichte;Ökobaudat Konfiguration;;
815fb8f6-04cc-494d-ab6b-1b6eae98bfca;Fassadenfarbe Silikonharzfarbe;Beschichtungen / Fassadenfarben / Silikonharz;1;kg;Fasadenfarbe;;;1580;;;;;;Rohdichte;Ökobaudat Konfiguration;;
35be6146-5a80-4a9e-a32d-5d05c03a8d5c;Innenfarbe Dispersionsfarbe scheuerfest;Beschichtungen / Innenbeschichtungen / Innenfarben;1;kg;Dispersionsfarbe (scheuerfest);;;1560;;;;;;Rohdichte;Ökobaudat Konfiguration;;
c1bc4706-9d3a-4468-8ecb-5a569226d75f;Lacksysteme Holzfassade deckend (Decklacksystem);Beschichtungen / Lacke und Lasuren / Lacksysteme Holzfassade;1;kg;Lacksysteme Holzfassade;;;1100;;;;;;Rohdichte;Ökobaudat Konfiguration;;
1a4a4522-7297-4ae5-a430-689e89ec2159;Lacksysteme Holzfassade halb-pigmentiert (Lasursystem);Beschichtungen / Lacke und Lasuren / Lacksysteme Holzfassade;1;kg;Lacksysteme Holzfassade;;;1040;;;;;;Rohdichte;Ökobaudat Konfiguration;;
d5fe89f0-5fd2-4981-bb87-e74bbf13ef88;Lacksysteme Holzfenster Grundierung weiß;Beschichtungen / Lacke und Lasuren / Lacksysteme Holzfenster;1;kg;Lacksysteme Holzfenster;;;1300;;;;;;Rohdichte;Ökobaudat Konfiguration;;
2e5ca27a-fcd0-4dc1-b0ab-4a4c7eb4e030;Lacksysteme Holzfenster Decklack weiß;Beschichtungen / Lacke und Lasuren / Lacksysteme Holzfenster;1;kg;Lacksysteme Holzfenster;;;1100;;;;;;Rohdichte;Ökobaudat Konfiguration;;
08138b62-1b5f-497a-bf9a-d7f857a2e575;Lacksysteme Holzfenster Zwischenbeschichtung deckend weiß;Beschichtungen / Lacke und Lasuren / Lacksysteme Holzfenster;1;kg;Lacksysteme Holzfenster;;;1245;;;;;;Rohdichte;Ökobaudat Konfiguration;;
c1328d7d-8ad6-4e74-a701-ffab0c542534;Parkettlack transparent;Beschichtungen / Lacke und Lasuren / Parkettlack;1;kg;Parkettlack;;;1030;;;;;;Rohdichte;Ökobaudat Konfiguration;;
859897ae-5ea2-4b55-9508-49297dd6ba6c;Parkettlack (Grundierung Holz, wasserverdünnt);Beschichtungen / Lacke und Lasuren / Parkettlack;1;kg;Parkettlack;;;1245;;;;;;Rohdichte;Ökobaudat Konfiguration;;
206deb33-2710-417d-9b92-aa70c7958334;Baumwolle konventionell;Dämmstoffe / Baumwolle / Baumwolle konventionell;1;kg;Baumwolle, Rohfaser (umfasst Körner und Fasern);;;40;;;;;;Rohdichte;Ökobaudat Konfiguration;;
061f0d5b-61f4-476d-9f2e-96f6a6df7786;Baumwolle ökologisch;Dämmstoffe / Baumwolle / Baumwolle ökologisch;1;kg;Baumwollfaser (entkörnt);;;40;;;;;;Rohdichte;Ökobaudat Konfiguration;;
880e05ea-55c6-4346-a3ea-5af0e5f299e2;PU-Dämmplatten aus Blockschaumstoff;Dämmstoffe / Polyurethan-Hartschaum (PU) / PU Blockschaum;1;qm;1 m² installierte PU-Dämmplatte aus Blockschaumstoff Additional Info from Xml: Polyurethan-Hartschaum (PU) ist ein geschlossenzelliger Schaumstoff, der als werkmäßig hergestellter Wärmedämmstoff in Form von Dämmplatten im Hochbau und für haus- und betriebstechnische Anlagen eingesetzt wird. Die Produktfamilie der Polyurethan-Dämmstoffe (PU) umfasst die Produktvarianten Polyurethan (PUR) und Polyisocyanurat (PIR) - siehe /EN 13165/ und /EN 14308/. PU-Dämmstoffe werden in Form von Blockschaum und als Dämmplatten mit flexiblen Deckschichten hergestellt. Diese Produktdeklaration bezieht sich auf PU-Dämmplatten ohne Deckschichten aus Blockschaumstoff. Polyurethan-Hartschaum entsteht durch chemische Reaktion von Methylendiphenyl-Diisocyanat (MDI, ca. 55-65 %) und Polyol (ca. 20-30 %) unter Zusatz von niedrig siedenden Treibmitteln (ca. 4-6 %). Diese Produktdeklaration bezieht sich auf Dämmplatten aus Blockschaumstoff, die mit dem Kohlenwasserstoff Pentan aufgeschäumt werden. Als Hilfsstoffe werden Wasser (ca. 0,5 %), Schaumstabilisatoren und Katalysatoren (ca. 3%) sowie Flammschutzmittel (chlorhaltige bzw. nicht chlorhaltige Phosphorsäureester, ca. 5–10 %) zugesetzt. Die Ökobilanz betrachtet folgende Module des Lebenszyklus: Rohstoffgewinnung und – bereitstellung (A1), Transporte der Rohstoffe (A2), Herstellung inklusive Verpackung (A3), Transport zur Baustelle (A4), Einbau ins Gebäude ( thermische Verwertung der Verschnitte und Verpackungsabfälle)-(A5), Transport zum End-of-Life (C2), Abfallbehandlung: Energie für Schredder (C3), thermische Verwertung in einer Müllverbrennungsanlage (MVA) - (C4), Nutzenpotenzial außerhalb der Systemgrenze aufgrund der Energiesubstitution in der MVA (D). Technische Daten: Zur Bestimmung der technischen Daten werden die Prüfmethoden gemäß /DIN EN 1316/, /DIN 13165/ und /DIN EN 14308/ verwendet. Deklarierte Einheit: Die deklarierte Einheit ist 1 m² installierte PU-Dämmplatte aus Blockschaumstoff und den folgenden Spezifikationen:;;;33;0,12;;;;;Schichtdicke;Aus der EPD: https://www.oekobaudat.de/OEKOBAU.DAT/resource/sources/650f46b2-fd2c-43c0-a93d-e9ac37f9eb58/PU-Daemmplatten_aus_Blockschaumstoff.pdf?version=00.01.000Deklariertes Produkt/deklarierte Einheit 1 m2 installierte PU-Dämmplatte aus Blockschaumstoff mit einer Dicke von 12 cm und einer Wärmeleitfähigkeit (WLS) von 0,026 W/(m·K);;
b29f31dc-bf1b-4214-98b4-fc2b52165a86;PU-Dämmplatten mit 50 µm Aluminium-Deckschicht;Dämmstoffe / Polyurethan-Hartschaum (PU) / PU mit Aluminium;1;qm;1 m² installierte PU-Dämmplatte mit 50 µm Aluminium-Deckschicht Additional Info from Xml: Polyurethan-Hartschaum (PU) ist ein geschlossenzelliger Schaumstoff, der als werkmäßig hergestellter Wärmedämmstoff in Form von Dämmplatten mit oder ohne Deckschichten im Hochbau und für haus- und betriebstechnische Anlagen eingesetzt wird. Die Produktfamilie der Polyurethan-Dämmstoffe (PU) umfasst die Produktvarianten Polyurethan (PUR) und Polyisocyanurat (PIR) - siehe /EN 13165/. PU-Dämmstoffe werden in Form von Blockschaum und als Dämmplatten mit flexiblen Deckschichten hergestellt. Diese Produktdeklaration bezieht sich auf mit beidseitig 50 μm alukaschierte PU-Dämmplatten. Polyurethan-Hartschaum entsteht durch chemische Reaktion von MDI (ca. 55-65 %) und Polyol (ca. 20-30 %) unter Zusatz von niedrig siedenden Treibmitteln (ca. 4-6%). Dämmplatten mit flexiblen Deckschichten werden ausschließlich mit dem Kohlenwasserstoff Pentan aufgeschäumt. Als Hilfsstoffe werden Wasser (ca. 0,2–0,4 %), Schaumstabilisatoren und Katalysatoren (ca. 2–3%) sowie Flammschutzmittel (ca. 3–5 %) zugesetzt. 50 μm Aluminium-Deckschichten bestehen aus lackierter Aluminium-Folie. Die Ökobilanz betrachtet folgende Punkte des Lebenszyklus: Rohstoffgewinnung und – bereitstellung (A1), Transporte der Rohstoffe (A2), Herstellung inklusive Verpackung (A3), Transport zur Baustelle (A4), Einbau ins Gebäude (Recycling bzw. thermische Verwertung der Verschnitte und Verpackungsabfälle)-(A5), Transport zum End-of-Life (C2), Abfallbehandlung: Energie für Schredder (C3), thermische Verwertung (PU Schaum) bzw. Recycling (Aluminium) - (C4), Recycling- bzw. Nutzenpotenzial außerhalb der Systemgrenze (D). Technische Daten: Zur Bestimmung der technischen Daten werden die Prüfmethoden gemäß / DIN EN 13165 / verwendet. Die Rohdichte von PU-Dämmplatten mit 50 µm Aluminium-Deckschichten für den Hochbau beträgt ca. 31 kg/m³. Die Platten werden in der Wärmeleitfähigkeitsstufe WLS 023 hergestellt. Diese Stufe entspricht dem Bemessungswert der Wärmeleitfähigkeit von 0,023  W/(m·K). Die Nenndruckspannung oder Nenndruckfestigkeit bei 10% Stauchung beträgt 100 kPa (dh) oder 150 kPa (ds) nach / DIN 4108-10 /. Höhere Druckfestigkeiten sind möglich. Die Nennzugfestigkeit beträgt 40 kPa. Höhere Zugfestigkeiten sind möglich. PU-Dämmplatten mit 50 µm Aluminium-Deckschichten sind für Wasserdampf undurchlässig und nehmen keine Feuchte auf. Polyurethan-Hartschaum besitzt ausgeprägt duroplastische Eigenschaften und ist daher nicht schmelzbar. Deklarierte Einheit: Die deklarierte Einheit ist 1 m² installierte PU-Dämmplatte mit 50µm Aluminium-Deckschicht (beidseitig) und den folgenden Spezifikationen:;;;31;0,12;;;;;Schichtdicke;Aus der EPD: 1 m2 installierte PU-Dämmplatte mit 50μm Aluminium-Deckschicht (beidseitig) und einer Dicke von 12 cm und einer Wärmeleitfähigkeit (WLS) von 0,023 W/(m·K);;
ee4fb7c2-6119-4f00-8cb6-fc74cb66fe9a;PU-Dämmplatten mit Aluminium-Mehrlagen-Deckschicht;Dämmstoffe / Polyurethan-Hartschaum (PU) / PU mit Aluminium;1;qm;1 m² installierte PU-Dämmplatte mit Aluminium-Mehrlagen-Deckschicht Additional Info from Xml: Polyurethan-Hartschaum (PU) ist ein geschlossenzelliger Schaumstoff, der als werkmäßig hergestellter Wärmedämmstoff in Form von Dämmplatten mit oder ohne Deckschichten im Hochbau und für haus- und betriebstechnische Anlagen eingesetzt wird. Die Produktfamilie der Polyurethan-Dämmstoffe (PU) umfasst die Produktvarianten Polyurethan (PUR) und Polyisocyanurat (PIR) - siehe /EN 13165/. PU-Dämmstoffe werden in Form von Blockschaum und als Dämmplatten mit flexiblen Deckschichten hergestellt. Diese Produktdeklaration bezieht sich auf beidseitig mit Aluminium-Mehrlagen-Folie kaschierten PU-Dämmplatten. Polyurethan-Hartschaum entsteht durch chemische Reaktion von MDI (ca. 55-65 %) und Polyol (ca. 20-30 %) unter Zusatz von niedrig siedenden Treibmitteln (ca. 4-6%). Dämmplatten mit flexiblen Deckschichten werden ausschließlich mit dem Kohlenwasserstoff Pentan aufgeschäumt. Als Hilfsstoffe werden Wasser (ca. 0,2–0,4 %), Schaumstabilisatoren und Katalysatoren (ca. 2–3%) sowie Flammschutzmittel (ca. 3–5 %) zugesetzt. Aluminium-Mehrlagen-Deckschichten bestehen zu etwa gleichen Teilen aus Aluminium, Papier und LDPE. Die Ökobilanz betrachtet folgende Punkte des Lebenszyklus: Rohstoffgewinnung und – bereitstellung (A1), Transporte der Rohstoffe (A2), Herstellung inklusive Verpackung (A3), Transport zur Baustelle (A4), Einbau ins Gebäude (Recycling bzw. thermische Verwertung der Verschnitte und Verpackungsabfälle)-(A5), Transport zum End-of-Life (C2), Abfallbehandlung: Energie für Schredder (C3), thermische Verwertung (PU Schaum) bzw. Recycling (Aluminium) - (C4), Recycling- bzw. Nutzenpotenzial außerhalb der Systemgrenze (D). Technische Daten: Zur Bestimmung der technischen Daten werden die Prüfmethoden gemäß /DIN EN 13165/ verwendet. Die Rohdichte von PU-Dämmplatten mit Aluminium-Mehrlagen-Deckschichten für den Hochbau beträgt ca. 31 kg/m³. Die Platten werden in der Wärmeleitfähigkeitsstufe WLS 023 hergestellt. Diese Stufe entspricht dem Bemessungswert der Wärmeleitfähigkeit von 0,023  W/(m·K). Die Nenndruckspannung oder Nenndruckfestigkeit bei 10% Stauchung beträgt 100 kPa (dh) oder 150 kPa (ds) nach /DIN 4108-10/. Höhere Druckfestigkeiten sind möglich. Die Nennzugfestigkeit beträgt 40 kPa. Höhere Zugfestigkeiten sind möglich.  PU-Dämmplatten mit Aluminium-Mehrlagen-Deckschichten sind für Wasserdampf undurchlässig und nehmen keine Feuchte auf. Polyurethan-Hartschaum besitzt ausgeprägt duroplastische Eigenschaften und ist daher nicht schmelzbar. Deklarierte Einheit: Die deklarierte Einheit ist 1 m² installierte PU-Dämmplatte mit Aluminium-Mehrlagen-Deckschicht (beidseitig) und den folgenden Spezifikationen:;;;31;0,12;;;;;Schichtdicke;Aus der EPD: Deklariertes Produkt/deklarierte Einheit 1 m2 installierte PU-Dämmplatte mit Aluminium-Mehrlagen-Deckschicht (beidseitig) und einer Dicke von 12 cm und einer Wärmeleitfähigkeit (WLS) von 0,023 W/(m·K);;
03998c02-90d1-41cd-9c68-83ffec88d125;PU-Dämmplatten mit Mineralvlies-Deckschicht;Dämmstoffe / Polyurethan-Hartschaum (PU) / PU mit Mineralvlies;1;qm;1 m² installierte PU-Dämmplatte mit Mineralvlies-Deckschicht Additional Info from Xml: Polyurethan-Hartschaum entsteht durch chemische Reaktion von MDI (ca. 55-65 %) und Polyol (ca. 20-30 %) unter Zusatz von niedrig siedenden Treibmitteln (ca. 4-6%). Dämmplatten mit flexiblen Deckschichten werden ausschließlich mit dem Kohlenwasserstoff Pentan aufgeschäumt. Als Hilfsstoffe werden Wasser (ca. 0,2–0,4 %), Schaumstabilisatoren und Katalysatoren (ca. 2–3%) sowie Flammschutzmittel (ca. 3–5 %) zugesetzt. Die Mineralvliesdeckschichten bestehen hauptsächlich aus Kalziumkarbonat, Glasfaservlies und Kleber auf Basis von Urea-Formaldehyd (UF) sowie Styrol-Butadien-Kautschuk (SBR). Die Ökobilanz betrachtet folgende Punkte des Lebenszyklus: Rohstoffgewinnung und – bereitstellung (A1), Transporte der Rohstoffe (A2), Herstellung inklusive Verpackung (A3), Transport zur Baustelle (A4), Einbau ins Gebäude (Recycling bzw. thermische Verwertung der Verschnitte und Verpackungsabfälle)-(A5), Transport zum End-of-Life (C2), Abfallbehandlung: Energie für Schredder (C3), thermische Verwertung (PU Schaum) - (C4), Recycling- bzw. Nutzenpotenzial außerhalb der Systemgrenze (D). Technische Daten: Zur Bestimmung der technischen Daten werden die Prüfmethoden gemäß / DIN EN 13165 / verwendet. Die Rohdichte von PU-Dämmplatten mit Mineralvlies-Deckschichten für den Hochbau beträgt ca. 31 kg/m³. Die Platten werden abhängig von den Dicken in den Wärmeleitfähigkeitsstufen WLS 026 bis 029 hergestellt. Diese Stufen entsprechen Bemessungswerten der Wärmeleitfähigkeit von 0,026 bis 0,029 W/(m·K). Kapillaraktiv modifizierte Dämmplatten weisen Bemessungswerte von 0,031 W/(m·K) auf. Die Nenndruckspannung oder Nenndruckfestigkeit bei 10% Stauchung beträgt 100 kPa (dh) oder 150 kPa (ds) nach / DIN 4108-10 /. Höhere Druckfestigkeiten sind möglich. Die Nennzugfestigkeit beträgt 40 kPa. Höhere Zugfestigkeiten sind möglich. Die Wasserdampfdiffusionswiderstandszahl μ von Polyurethan-Hartschaum liegt gemäß DIN 4108-4 zwischen 40 und 200. Die maximale Feuchteaufnahme von Polyurethan-Hartschaum bei Diffusion und Kondensation beträgt ca. 6 Vol-%. Die im Untertauchversuch nach 28 Tagen gemessene Wasseraufnahme liegt bei einer 60 mm dicken PU-Dämmplatte mit Mineralvlies-Kaschierung bei 1,3 Vol.-%. Die Feuchteaufnahme bei Frost-Tau-Wechsel ergeben – auf den Dämmstoff ohne Deckschicht bezogen – Werte zwischen 2 und 7 Vol.-%. Polyurethan-Hartschaum besitzt ausgeprägt duroplastische Eigenschaften und ist daher nicht schmelzbar. Deklarierte Einheit: Die deklarierte Einheit ist 1 m² installierte PU-Dämmplatte mit Mineralvlies-Deckschicht (beidseitig) und den folgenden Spezifikationen:;;;31;0,12;;;;;Schichtdicke;Aus der EPD: 1 m2 installierte PU-Dämmplatte mit Mineralvlies-Deckschicht (beidseitig) und einer Dicke von 12 cm und einer Wärmeleitfähigkeit (WLS) von 0,026 W/(m·K;;
e5cd5727-a516-4081-8fdf-4fc0ce142d90;WDVS Verklebung und Beschichtung Kratzputz mineralisch;Dämmstoffe / Wärmedämmverbundsystem / Wärmedämmverbundsystem;1;qm;WDVS Verklebung und Beschichtung Kratzputz mineralisch Bei dem WDVS handelt es sich um ein Außenwand-Dämmsystem. Das Dämmmaterial und das Wandmaterial sind nicht im Prozess berücksichtigt. Das System weist folgende Spezifikationen auf: Außenwand-Dämmsystem Mineralischer Kratzputz: Kleber (mineralisch) 4,0 kg/m2, Glasgewebe 0,18 kg/m2, Armierung (mineralisch) 8,0 kg/m2, Kratzputz (mineralisch) 23,0 kg/m2.;;35,18;;;;;;;Bestandteile ergänzt;Prozess-Datensatz;kann nur in m² genutzt werden;
94ef6ac0-956a-4d60-9062-990df91e7917;WDVS Verklebung und Beschichtung Silikat-Dispersionsputz;Dämmstoffe / Wärmedämmverbundsystem / Wärmedämmverbundsystem;1;qm;WDVS Verklebung und Beschichtung Silikat-Dispersionsputz Bei dem WDVS handelt es sich um ein Außenwand-Dämmsystem. Das Dämmmaterial und das Wandmaterial sind nicht im Prozess berücksichtigt. Das System weist folgende Spezifikationen auf: Außenwand-Dämmsystem Silikatdispersionsputz: Kleber (mineralisch) 4,0 kg/m2, Glasfasergewebe 0,18 kg/m2, Armierung (mineralisch) 4,0 kg/m2, Voranstrich (Silikatdispersion) 0,3 kg/m2, Silikatdispersionsputz 4,0 kg/m2. ;;12,48;;;;;;;Bestandteile ergänzt;Prozess-Datensatz;kann nur in m² genutzt werden;
88cc57f7-384d-47a3-826a-e4fce57a32bd;WDVS Verklebung und Beschichtung Kunstharzputz;Dämmstoffe / Wärmedämmverbundsystem / Wärmedämmverbundsystem;1;qm;WDVS Verklebung und Beschichtung Kunstharzputz Bei dem WDVS handelt es sich um ein Außenwand-Dämmsystem. Das Dämmmaterial und das Wandmaterial sind nicht im Prozess berücksichtigt. Das System weist folgende Spezifikationen auf: Außenwand-Dämmsystem Kunstharzputz: Kleber (mineralisch) 4,0 kg/m2, Glasfasergewebe 0,18 kg/m2, Kunstharzspachtel 4,0 kg/m2, Voranstrich (Kunstharz), Kunstharzputz 4,0 kg/m2.;;12,48;;;;;;;Bestandteile ergänzt;Prozess-Datensatz;kann nur in m² genutzt werden;
6108c144-5112-4f18-bcb1-d1ff8eb831a6;WDVS Verklebung und Beschichtung Leichtputz mineralisch;Dämmstoffe / Wärmedämmverbundsystem / Wärmedämmverbundsystem;1;qm;WDVS Verklebung und Beschichtung Leichtputz mineralisch Bei dem WDVS handelt es sich um ein Außenwand-Dämmsystem. Das Dämmmaterial und das Wandmaterial sind nicht im Prozess berücksichtigt. Das System weist folgende Spezifikationen auf: Außenwand-Dämmsystem (Mineralischer Leichtputz Kalk-Zement: Kleber (mineralisch) 4,0 kg/m2, Glasfasergewebe 0,18 kg/m2, Armierung (leicht, mineralisch) 4,0 kg/m2, Leichtputz (Kalk-Zement) 3,0 kg/m2, Dispersionsfarbe 0,22 kg/m2. ;;11,4;;;;;;;Bestandteile ergänzt;Prozess-Datensatz;kann nur in m² genutzt werden;
49fe2b06-ea9c-4cef-b0a1-a75fd1ed6bf8;WDVS Verklebung und Beschichtung Dekorputz mineralisch;Dämmstoffe / Wärmedämmverbundsystem / Wärmedämmverbundsystem;1;qm;WDVS Verklebung und Beschichtung Dekorputz mineralisch Bei dem WDVS handelt es sich um ein Außenwand-Dämmsystem. Das Dämmmaterial und das Wandmaterial sind nicht im Prozess berücksichtigt. Das System weist folgende Spezifikationen auf: Außenwand-Dämmsystem Mineralischer Dekorputz: Kleber (mineralisch) 4,0 kg/m2, Glasgewebe 0,18 kg/m2, Armierung (mineralisch) 8,0 kg/m2, Dekorputz (mineralisch) 5,0 kg/m2 und Dispersionsfarbe 0,22 kg/m2. ;;17,4;;;;;;;Bestandteile ergänzt;Prozess-Datensatz;kann nur in m² genutzt werden;
1b84e630-6489-493e-a066-1b976684dd03;WDVS Verklebung und Beschichtung Silikonharzputz;Dämmstoffe / Wärmedämmverbundsystem / Wärmedämmverbundsystem;1;qm;WDVS Verklebung und Beschichtung Silikonharzputz Bei dem Wärmedämmverbundsystem (WDVS) handelt es sich um ein Außenwand-Dämmsystem. Das Dämmmaterial und das Wandmaterial sind nicht im Prozess berücksichtigt. Das System weist folgende Spezifikationen auf: Außenwand-Dämmsystem Silikonharzputz: Kleber (mineralisch) 4,0 kg/m2, Glasfasergewebe 0,18 kg/m2, Kunstharzspachtel 4,0 kg/m2, Voranstrich (Silikonharz) 0,3 kg/m2, Silikonharzputz 4,0 kg/m2;;12,3;;;;;;;Bestandteile ergänzt;Prozess-Datensatz;kann nur in m² genutzt werden;
e920d325-c474-4ff4-b84a-531af01c7759;Admonter Massivholzmehrschichtprodukte;Holz / Vollholz / Brettschichtholzplatte;1;qm;1 m² Massivholzmehrschichtprodukt Additional Info from Xml: Die vorliegende Umweltproduktdeklaration bezieht sich auf eine deklarierte Einheit von 1 m² Admonter Massivholzmehrschichtprodukte mit einem durchschnittlichen Flächengewicht von 8,125 kg/m² und einer Auslieferungsfeuchte von 7 %. Das deklarierte Produkt stellt einen flächengewichteten Durchschnitt der hergestellten Sortimente dar und bezieht sich auf das Produktionsjahr 2014. Bei Admonter Massivholzmehrschichtprodukten handelt es sich um Mehrschichtparkettböden und Mehrschichtmassivholzplatten mit Edelholznutzschicht, welche auf einem Trägermaterial aus vorwiegend Fichte kreuzweise verleimt werden. Mit Ausnahme 2- schichtiger Produkte haben die übrigen Produkte einen mehrschichtigen, symmetrischen Aufbau mit Massivholzgegenzug. Gliederung des Herstellprozesses: -Anlieferung des Schnittholzes, des Lamellenmaterials und des vorgefertigten Trägermaterials -Qualitätskontrolle -Trocknung des Schnittholzes, teilweise Trocknung der Lamellen -Teilweise Thermo-Behandlung des Rohmaterials -Auftrennen des Schnittholzes zu Lamellen oder Trägermaterial -Qualitätssortierung -Verleimung -Ausfertigung -Teilweises Besäumen zu Plattenformaten -Teilweise Auftrennen zu Kleinformaten -Teilweise Profilierung -Qualitätskontrolle -Teilweise Oberflächenstrukturierung -Teilweise Oberflächenbehandlung -Qualitätskontrolle -Verpackung je nach Produktart -Kommissionierung und Versand Für die Abbildung des Hintergrundsystems im Ökobilanzmodell werden Sekundärdaten herangezogen. Diese entstammen einerseits der GaBi Datenbank /GaBi 7/ und andererseits anerkannten Literaturquellen /Rüter und Diederichs, 2012/. Das UF-Leimsystem wurde anhand eines spezifischen Hintergrunddatensatzes des Zulieferers abgebildet. Kohlenstoffgehalt und Primärenergiegehalt der Produkte wurden basierend auf ihren materialinhärenten Eigenschaften entsprechend zugrundeliegenden physikalischen Zusammenhängen bilanziert. Bei der Produktion von Admonter Massivholzmehrschichtprodukten entsteht neben dem deklarierten Produkt ein Überschuss an thermischer Energie aus der werkseigenen KWK-Anlage, welcher an das Admonter Fernwärmenetz verkauft wird. Dieser Überschuss wird als Koppelprodukt behandelt und basierend auf den derzeit gültigen Marktpreisen alloziert. Die Allokation in der Forstkette beruht auf der Veröffentlichung von /Hasch 2002/ und dessen Aktualisierung von /Rüter und Albrecht 2007/. Für kammergetrocknete Bretter und Furniere wurde eine Preisallokation gemäß /Rüter und Diederichs, 2012/ angewandt. Technische Daten: Gemäß /EU-Verordnung Nr. 305/2011/ sind die in der Leistungserklärung aufgeführten Daten anzugeben, weitere Daten sind freiwilliger Natur.: Deklarierte Einheit: Die vorliegende Umweltproduktdeklaration bezieht sich auf eine deklarierte Einheit von 1 m² Admonter Massivholzmehrschichtprodukt mit einem durchschnittlichen Flächengewicht von 8,125 kg/m² und einer Auslieferungsfeuchte von 7 %.;;8,125;;;;;0,123;;Flächengewicht korrigiert;;;
de0c1710-057b-46ff-b6da-9fb26c113fa3;FW 50 BF.HI;Komponenten von Fenstern und Vorhangfassaden / Rahmen / Profile / Aluminium;6,1;qm;FW 50 BF.HI B x H: 3050 mm x 3050 mm Additional Info from Xml: Die oberflächenbehandelten Aluminiumprofile werden auf Maß geschnitten und für die entsprechende Rahmengröße konfektioniert. Der dabei entstehende Verschnitt an Aluminiumprofilen wird dem Recycling zugeführt. Die Isolationsprofile werden mit den Aluminiumprofilen fest verbunden. Anschließend werden die Profile am Baukörper zu Rahmen fest verbunden und die Dichtungen in die vorgesehenen Nuten eingezogen. Danach wird die Verglasung eingesetzt und mit Verglasungsprofilen gesichert. In die Fassadenrahmenkonstruktion können auch fertige Fensterlemente Schüco AWS eingebaut werden. Abschließend erfolgt eine Funktionskontrolle. Technische Daten: Gemäß CE-Kennzeichnung sind für Feld 1 folgende bautechnische Daten für das Element zu nennen: Deklarierte Einheit: Die deklarierte Einheit ist ein Fassadenelement mit der Größe 3050 mm x 3050 mm.;;;;;;;;;Bezugsgröße und -einheit;Elementgröße 3,05 x 3,05m;"Diesen Datensatz kann man nur in m² nutzen; Verglasungsanteil unklar → complete curtain wall";
a287ee57-814f-4a5d-bccd-64b207385f47;FWS 50 SI;Komponenten von Fenstern und Vorhangfassaden / Rahmen / Profile / Aluminium;6,1;qm;Schüco FWS 50 B x H: 3050 mm x 3050 mm Additional Info from Xml: Die oberflächenbehandelten Aluminiumprofile werden auf Maß geschnitten und für die entsprechende Rahmengröße konfektioniert. Der dabei entstehende Verschnitt an Aluminiumprofilen wird dem Recycling zugeführt. Die Isolationsprofile werden mit den Aluminiumprofilen fest verbunden. Anschließend werden die Profile am Baukörper zu Rahmen fest verbunden und die Dichtungen in die vorgesehenen Nuten eingezogen. Danach wird die Verglasung eingesetzt und mit Verglasungsprofilen gesichert. In die Fassadenrahmenkonstruktion können auch fertige Fensterlemente Schüco AWS eingebaut werden. Abschließend erfolgt eine Funktionskontrolle. Technische Daten: Gemäß CE-Kennzeichnung sind für Feld 1 folgende bautechnische Daten für das Element zu nennen: Deklarierte Einheit: Die deklarierte Einheit ist ein Fassadenelement mit der Größe 3050 mm x 3050 mm.;;;;;;;;;Bezugsgröße und -einheit;Elementgröße 3,05 x 3,05m;;
6adf0159-37a0-47d0-86d4-54d193b1a3e1;SCHÜCO AWS 75.SI;Komponenten von Fenstern und Vorhangfassaden / Rahmen / Profile / Aluminium;1,8204;qm;Schüco AWS 75.SI B x H: 1230 mm x 1480 mm Additional Info from Xml: Die oberflächenbehandelten Aluminiumprofile und die damit bereits verbundenen Isolierstege werden auf Maß geschnitten und für die entsprechende Rahmengröße konfektioniert. Der dabei entstehende Verschnitt an Aluminiumprofilen wird dem Recycling zugeführt. Anschließend werden die Profile zu Rahmen fest verbunden und die Dichtungen in die vorgesehenen Nuten eingezogen. Die beweglichen Fensterrahmen werden mit den Beschlagsbauteilen verbunden. Danach wird die Verglasung eingesetzt und mit Verglasungsprofilen gesichert. Abschließend erfolgt eine Funktionskontrolle und die Etikettierung des Elementes. Technische Daten: Gemäß CE-Kennzeichnung sind folgende bautechnische Daten für das Element zu nennen: Deklarierte Einheit: Die deklarierte Einheit ist ein Fenster Typ Schüco AWS 75.SI+ in spezifischer Abmessung 1230 mm x 1480 mm.;;;;;;;;;Bezugsgröße und -einheit;"ggf nicht skalierbar, weil der Rahmen unproportional umgerechnet würde? Das ist eine Standardfenstergröße; nur in m² nutzbar";;
8b3ee4e2-c086-41dc-bd07-e9e853f9da8b;Aluminium-Rahmenprofil, pulverbeschichtet;Komponenten von Fenstern und Vorhangfassaden / Rahmen / Profile / Aluminium;1;m;Aluminium-Rahmenprofil, pulverbeschichtet (m);;12,75;;;;1,02;;;Flächengewicht;Annahme: 8 cm Breite → Flächengewicht = Längengewicht/0,08 m;keine Maße angegeben → nicht umrechenbar in m²;
66990642-726e-4483-abc3-d5d0b4d7a5e7;Aluminium-Flügelrahmenprofil, pulverbeschichtet;Komponenten von Fenstern und Vorhangfassaden / Rahmen / Profile / Aluminium;1;m;Aluminium-Flügelrahmenprofil, pulverbeschichtet (m);;12,25;;;;0,98;;;Flächengewicht;Annahme: 8 cm Breite → Flächengewicht = Längengewicht/0,08 m;keine Maße angegeben → nicht umrechenbar in m²;
dfa64bbb-dc8d-497b-9557-300416b8448f;Aluminium-Rahmenprofil, thermisch getrennt, pulverbeschichtet;Komponenten von Fenstern und Vorhangfassaden / Rahmen / Profile / Aluminium thermisch getrennt;1;m;Aluminium-Rahmenprofil, thermisch getrennt, pulverbeschichtet (m);;17,875;;;;1,43;;;Flächengewicht;Annahme: 8 cm Breite → Flächengewicht = Längengewicht/0,08 m;keine Maße angegeben → nicht umrechenbar in m²;
c1cacd2c-d98d-4795-84db-b567d25bb1ed;Aluminium-Flügelrahmenprofil, thermisch getrennt, pulverbeschichtet;Komponenten von Fenstern und Vorhangfassaden / Rahmen / Profile / Aluminium thermisch getrennt;1;m;Aluminium-Flügelrahmenprofil, thermisch getrennt, pulverbeschichtet (m);;18,875;;;;1,51;;;Flächengewicht;Annahme: 8 cm Breite → Flächengewicht = Längengewicht/0,08 m;keine Maße angegeben → nicht umrechenbar in m²;
1d2945e3-856e-4c5f-9894-e75bafad3a76;Pfosten/Riegelsystem aus Aluminium;Komponenten von Fenstern und Vorhangfassaden / Rahmen / Profile / Aluminium thermisch getrennt;1;qm;Pfosten-Riegel-System (Aluminium);;;;;;5,7;;;Bezugseinheit korrigiert (m²);Prozess-Datensatz: Dieser Datensatz beschreibt die Herstellung bis zum Werkstor eines Pfosten- Riegel- Systems aus Aluminium ohne Verglasung. Dieser Datensatz basiert auf einer Fassade mit 3,5m Höhe und 4m Breite und wurde auf 1m² skaliert. Das betrachtete Pfosten- Riegel- System hat einen rechteckigen Querschnitt mit den Abmessungen 125mm*50mm. Wenden Sie diesen Datensatz an, indem Sie die Gesamtfläche Ihres Pfosten- Riegel- Systems mit dem Ergebnis dieses Datensatzes multiplizieren.;;
857ec105-07bd-4942-8b6a-4ecb6522f00d;Rahmenprofile für Fassaden - HUECK System GmbH & Co. KG - Trigon 60;Komponenten von Fenstern und Vorhangfassaden / Rahmen / Profile / Aluminium thermisch getrennt;0,06;qm;Rahmenprofile für Fassaden - HUECK System GmbH & Co. KG - Trigon 60;;;;;;5,25;;;Bezugsgröße und -einheit;"Prozess-Datensatz: Aluminiumprofile mit Ansichtsbreiten von 60 mm; Bautiefe 25 mm bis 300 mm. → 1m entspricht 0,06m²";;
fb529c2b-fd76-4645-91ee-e38b3cc234fb;Rahmenprofile für Fassaden - HUECK System GmbH & Co. KG - Trigon 50;Komponenten von Fenstern und Vorhangfassaden / Rahmen / Profile / Aluminium thermisch getrennt;0,05;qm;Rahmenprofile für Fassaden - HUECK System GmbH & Co. KG - Trigon 50;;;;;;4,99;;;Bezugsgröße und -einheit;"Prozess-Datensatz: Aluminiumprofile mit Ansichtsbreiten von 50 mm; Bautiefe 25 mm bis 300 mm. → 1 m entspricht 0,05 m²";;
0836552d-9796-47b6-b33b-12ec55050926;Rahmenprofile für Türen - HUECK System GmbH & Co. KG - Lava;Komponenten von Fenstern und Vorhangfassaden / Rahmen / Profile / Aluminium thermisch getrennt;1;m;Rahmenprofile für Türen - HUECK System GmbH & Co. KG - Lava;;57,875;;;;4,63;;;Flächengewicht;"Annahme: 8 cm Breite → Flächengewicht = Längengewicht/0,08 m, Prozess-Datensatz: Kälte- und hochwärmegedämmte Aluminiumkonstruktioen mit unterschiedlichen Bautiefen von 65 mm und 77 mm. Rahmenansichtsbreiten der Türen von 51,5 mm bis 200 mm. EPD: Die durchschnittliche Einheit wird folgendermaßen deklariert: Direkt genutzte Stoffströme werden mittels der durchschnittlichen Größen (Fenster (1,23mx1,48m; Türen; 1,23x2,18m, Hebeschiebeelement: 3,00mx2,18m (…) ermittelt und auf die deklarierte Einheit zugeordnet";nicht umrechenbar auf m² oder m³;
c2f10adc-56b3-4fff-9a33-6134e7646740;Rahmenprofile für Fenster und Türen - HUECK System GmbH & Co. KG - WS/DS 090;Komponenten von Fenstern und Vorhangfassaden / Rahmen / Profile / Aluminium thermisch getrennt;1;m;Rahmenprofile für Fenster und Türen - HUECK System GmbH & Co. KG - WS/DS 090;;39,375;;;;3,15;;;Flächengewicht;"Annahme: 8 cm Breite → Flächengewicht = Längengewicht/0,08 m, Prozess-Datensatz: Rahmenansichtsbreiten der Fenster von 55 mm bis 225 mm, der Türen von 65 mm bis 75 mm .EPD: Die durchschnittliche Einheit wird folgendermaßen deklariert: Direkt genutzte Stoffströme werden mittels der durchschnittlichen Größen (Fenster (1,23mx1,48m; Türen; 1,23x2,18m, Hebeschiebeelement: 3,00mx2,18m (…) ermittelt und auf die deklarierte Einheit zugeordnet";nicht umrechenbar auf m² oder m³;
b5db085c-fb09-4571-ae2b-594e2fc22baa;Rahmenprofile für Fenster und Türen - HUECK System GmbH & Co. KG - WS/DS 075;Komponenten von Fenstern und Vorhangfassaden / Rahmen / Profile / Aluminium thermisch getrennt;1;m;Rahmenprofile für Fenster und Türen - HUECK System GmbH & Co. KG - WS/DS 075;;39,125;;;;3,13;;;Flächengewicht;"Annahme: 8 cm Breite → Flächengewicht = Längengewicht/0,08 m, Prozess-Datensatz: Hochwärmegedämmte Aluminiumkonstruktioen mit einer Bautiefe von 75 mm. Rahmenansichtsbreiten der Fenster von 55 mm bis 225 mm, der Türen von 65 mm bis 75 mm . EPD: Die durchschnittliche Einheit wird folgendermaßen deklariert: Direkt genutzte Stoffströme werden mittels der durchschnittlichen Größen (Fenster (1,23mx1,48m; Türen; 1,23x2,18m, Hebeschiebeelement: 3,00mx2,18m (…) ermittelt und auf die deklarierte Einheit zugeordnet";nicht umrechenbar auf m² oder m³;
9ae099db-6bd6-42ba-892f-f1e8cfb507ed;Rahmenprofile für Fenster - HUECK System GmbH & Co. KG - Volato;Komponenten von Fenstern und Vorhangfassaden / Rahmen / Profile / Aluminium thermisch getrennt;1;m;Rahmenprofile für Fenster - HUECK System GmbH & Co. KG - Volato;;40,625;;;;3,25;;;Flächengewicht;"Annahme: 8 cm Breite → Flächengewicht = Längengewicht/0,08 m, Prozess-Datensatz: Hochwärmegedämmte Aluminiumkonstruktioen mit einer Profilbautiefe bis 148 mm. Rahmenansichtsbreiten der Fenster von 35 mm bis 115 mm. EPD: Die durchschnittliche Einheit wird folgendermaßen deklariert: Direkt genutzte Stoffströme werden mittels der durchschnittlichen Größen (Fenster (1,23mx1,48m; Türen; 1,23x2,18m, Hebeschiebeelement: 3,00mx2,18m (…) ermittelt und auf die deklarierte Einheit zugeordnet";nicht umrechenbar auf m² oder m³;
4127e60a-3c42-4076-83f5-5232b4ed642e;Holz-Blendrahmen;Komponenten von Fenstern und Vorhangfassaden / Rahmen / Profile / Holz;1;m;Holzfensterrahmen Der Datensatz beschreibt die Herstellung von einem laufenden Meter Holz-Blendrahmen (IV 68 Kiefer). Berücksichtigt ist hierbei die Rahmenherstellung, inklusive der forstwirtschaftlichen Vorkette, sowie die Lackierung des Holzes mit etwa 175 g pro laufenden Meter. Die Systemgrenze bildet das fertige Produkt am Werkstor.;;26,375;;;;2,11;;;Flächengewicht;"IV 68: Isolierverglasung 68 mm Bautiefe; Annahme 8 cm Breite (→ Dadurch Flächengewicht = Längengewicht/0,08m)";nicht umrechenbar auf m² oder m³;
318f08e0-1b04-49eb-ab16-531482cd75da;Holz-Flügelrahmen;Komponenten von Fenstern und Vorhangfassaden / Rahmen / Profile / Holz;1;m;Flügelrahmen Der Datensatz beschreibt die Herstellung von einem laufenden Meter Holz-Flügelrahmen (IV 68 Kiefer). Berücksichtigt ist hierbei die Rahmenherstellung, inklusive der forstwirtschaftlichen Vorkette, sowie die Lackierung des Holzes mit etwa 290 g pro laufenden Meter.;;26,375;;;;2,11;;;Flächengewicht;"IV 68: Isolierverglasung 68 mm Bautiefe; Annahme 8 cm Breite (→ Dadurch Flächengewicht = Längengewicht/0,08m)";nicht umrechenbar auf m² oder m³;
91ea177a-e65a-4fe2-ac2d-2f378a03e168;Flügelrahmen PVC-U;Komponenten von Fenstern und Vorhangfassaden / Rahmen / Profile / PVC;1;m;Flügelrahmen PVC-U (m);;38,75;;;;3,1;;;Flächengewicht;Annahme: 8 cm Breite → Flächengewicht = Längengewicht/0,08 m;nicht umrechenbar auf m² oder m³;
5e90e94d-6e79-4d9f-854c-fb33f15c033e;Blendrahmen PVC-U;Komponenten von Fenstern und Vorhangfassaden / Rahmen / Profile / PVC;1;m;Blendrahmen PVC-U (m);;35;;;;2,8;;;Flächengewicht;Annahme: 8 cm Breite → Flächengewicht = Längengewicht/0,08 m;nicht umrechenbar auf m² oder m³;
a60431a7-10aa-4106-bc7c-c6acb01ee9b3;Pfosten/Riegelsystem aus Stahl;Komponenten von Fenstern und Vorhangfassaden / Rahmen / Profile / Stahl;1;qm;Pfosten-Riegel-System (Stahl);;;;;;;;;Bezugsgröße korrigiert;Prozess-Datensatz: Vordergrundsystem: Dieser Datensatz beschreibt die Herstellung bis zum Werkstor eines Pfosten- Riegel- Systems aus Stahl ohne Verglasung. Dieser Datensatz basiert auf einer Fassade mit 3,5m Höhe und 4m Breite und wurde auf 1m² skaliert. Das betrachtete Pfosten- Riegel- System hat einen rechteckigen Querschnitt mit den Abmessungen 125mm*50mm. Der LCI- Datensatz berücksichtigt die Herstellung und die Montage aller Stahlbauteile sowie der Befestigungs- und Abdichtungsmaterialien. Transportprozesse für die Rohstoffe wurden berücksichtigt. Alle wichtigen Energie- und Stoffflüsse sind im System inbegriffen. Die Wirkungsbilanz der Produktionsanlagen und der Infrastruktur wurde im System nicht berücksichtigt. Wenden Sie diesen Datensatz an, indem Sie die Gesamtfläche Ihres Pfosten- Riegel- Systems mit dem Ergebnis dieses Datensatzes multiplizieren.;;
00b700ef-2d55-4434-b91d-c97cc1f85d40;SCHÜCO ADS 75.SI;Komponenten von Fenstern und Vorhangfassaden / Türen und Tore / Aluminium;2,42;qm;Schüco ADS 75.SI B x H: 1100 mm x 2200 mm Additional Info from Xml: Die oberflächenbehandelten Aluminiumprofile und die damit bereits verbundenen Isolierstege werden auf Maß geschnitten und für die entsprechende Rahmengröße konfektioniert. Der dabei entstehende Verschnitt an Aluminiumprofilen wird dem Recycling zugeführt. Anschließend werden die Profile zu Rahmen fest verbunden und die Dichtungen in die vorgesehenen Nuten eingezogen. Die beweglichen Türrahmen werden mit den Beschlagsbauteilen verbunden. Danach wird die Verglasung eingesetzt und mit Verglasungsprofilen gesichert. Abschließend erfolgt eine Funktionskontrolle und die Etikettierung des Elementes. Technische Daten: Gemäß CE-Kennzeichnung sind folgende bautechnische Daten für das Element zu nennen: Deklarierte Einheit: Die deklarierte Einheit ist eine Tür Typ Schüco ADS 75.SI in spezifischer Abmessung 1100 mm x 2200 mm.;;;;;;;;;Bezugsgröße und -einheit;ggf nicht skalierbar, weil der Rahmen unproportional umgerechnet würde? Nur in m² nutzbar;;
8db37c49-5e41-43b6-8c20-1bc646afda62;SCHÜCO ADS 80 FR 60;Komponenten von Fenstern und Vorhangfassaden / Türen und Tore / Aluminium;2,42;qm;Schüco ADS 80 FR 60 B x H: 1100 mm x 2200 mm Additional Info from Xml: Die oberflächenbehandelten Aluminiumprofile und die damit bereits verbundenen Isolierstege werden auf Maß geschnitten und für die entsprechende Rahmengröße konfektioniert. Der dabei entstehende Verschnitt an Aluminiumprofilen wird dem Recycling zugeführt. Anschließend werden die Profile zu Rahmen fest verbunden und die Dichtungen in die vorgesehenen Nuten eingezogen. Die beweglichen Türrahmen werden mit den Beschlagsbauteilen verbunden. Danach wird die Verglasung eingesetzt und mit Verglasungsprofilen gesichert. Abschließend erfolgt eine Funktionskontrolle und die Etikettierung des Elementes. Technische Daten: Gemäß CE-Kennzeichnung sind folgende bautechnische Daten für das Element zu nennen: Deklarierte Einheit: Die deklarierte Einheit ist eine Tür Typ Schüco ADS 80 FR 60 in spezifischer Abmessung 1100 mm x 2200 mm.;;;;;;;;;Bezugsgröße und -einheit;ggf nicht skalierbar, weil der Rahmen unproportional umgerechnet würde? Nur in m² nutzbar;;
4d22a515-cfcc-4bcb-bbf9-a6e647bed9ab;Tür - Hörmann KG Eckelhausen - Haustür;Komponenten von Fenstern und Vorhangfassaden / Türen und Tore / Aluminium;1;qm;Tür - Hörmann KG Eckelhausen - Haustür;;47;;;;;;;;;Türen / Tore: ok in m²;
8526239b-fa75-4b15-b4d5-790f1a15bba6;Tür - Hörmann KG Eckelhausen - Rauchschutztür;Komponenten von Fenstern und Vorhangfassaden / Türen und Tore / Aluminium;1;qm;Tür - Hörmann KG Eckelhausen - Rauchschutztür;;41;;;;;;;;;Türen / Tore: ok in m²;
b9c08cf4-c6ad-4f12-bd5a-524c5a10ef51;Tür - Hörmann KG Eckelhausen - Feuerschutztür T30;Komponenten von Fenstern und Vorhangfassaden / Türen und Tore / Aluminium;1;qm;Tür - Hörmann KG Eckelhausen - Feuerschutztür T30;;55;;;;;;;;;Türen / Tore: ok in m²;
34a3f341-4af5-4ad4-9e17-6ff9b0713dfc;Tür - Hörmann KG Eckelhausen - Feuerschutztür T90;Komponenten von Fenstern und Vorhangfassaden / Türen und Tore / Aluminium;1;qm;Tür - Hörmann KG Eckelhausen - Feuerschutztür T90;;101;;;;;;;;;Türen / Tore: ok in m²;
81f26749-0b39-4eb5-9015-bbebae3c7413;Tor - EFAFLEX Tor- und Sicherheitssysteme GmbH & Co. KG - Schnelllauf-Spiraltor SST Alu;Komponenten von Fenstern und Vorhangfassaden / Türen und Tore / Aluminium;1;qm;Tor - EFAFLEX Tor- und Sicherheitssysteme GmbH & Co. KG - Schnelllauf-Spiraltor SST Alu;;88,54;;;6,3;;;;;;Türen / Tore: ok in m²;
4064c6df-dcc8-4a4f-9a67-207dd38398b2;Tor - EFAFLEX Tor- und Sicherheitssysteme GmbH & Co. KG - Schnelllauf-Turbotor STT;Komponenten von Fenstern und Vorhangfassaden / Türen und Tore / Aluminium;1;qm;Tor - EFAFLEX Tor- und Sicherheitssysteme GmbH & Co. KG - Schnelllauf-Turbotor STT;;85,08;;;15,2;;;;;;Türen / Tore: ok in m²;
2d10d549-e9de-4dbe-a732-4331fa2c5aaa;Tor - Lindab A/S - Sektionaltor LDP;Komponenten von Fenstern und Vorhangfassaden / Türen und Tore / Aluminium;1;qm;Tor - Lindab A/S - Sektionaltor LDP;;19,7;;;;;;;;;Türen / Tore: ok in m²;
b6762ea6-ca6f-4039-ae9d-8e1f0a146632;Tor - Hörmann Legnica Sp. z o.o - Kipptor ET 500;Komponenten von Fenstern und Vorhangfassaden / Türen und Tore / Stahl;1;qm;Tor - Hörmann Legnica Sp. z o.o - Kipptor ET 500;;36,1;;;;;;;;;Türen / Tore: ok in m²;
ffbf8bee-1796-4c5c-a815-41a1a8307de6;Tor - Hörmann Legnica Sp. z o.o - Schwingtor N 500;Komponenten von Fenstern und Vorhangfassaden / Türen und Tore / Stahl;1;qm;Tor - Hörmann Legnica Sp. z o.o - Schwingtor N 500;;28,3;;;;;;;;;Türen / Tore: ok in m²;
ef35288f-66e7-4a7b-8f35-1a0a2edb5fef;Tür - Hörmann Legnica Sp. z o.o - Nebentür NT 500;Komponenten von Fenstern und Vorhangfassaden / Türen und Tore / Stahl;1;qm;Tür - Hörmann Legnica Sp. z o.o - Nebentür NT 500;;21,6;;;;;;;;;Türen / Tore: ok in m²;
d9184cba-f3ad-4ff0-9c71-90cc6e21fcb8;Tor - Hörmann Legnica Sp. z o.o - Sammelgaragentor ST 500;Komponenten von Fenstern und Vorhangfassaden / Türen und Tore / Stahl;1;qm;Tor - Hörmann Legnica Sp. z o.o - Sammelgaragentor ST 500;;29;;;;;;;;;Türen / Tore: ok in m²;
2383b727-ea29-4030-991b-5179e784338b;Tor - Hörmann Legnica Sp. z o.o - Sporthallentor SP 500;Komponenten von Fenstern und Vorhangfassaden / Türen und Tore / Stahl;1;qm;Tor - Hörmann Legnica Sp. z o.o - Sporthallentor SP 500;;28;;;;;;;;;Türen / Tore: ok in m²;
52db1ee8-72c2-4c45-97bd-21b9501c59be;Tor - EFAFLEX Tor- und Sicherheitssysteme GmbH & Co. KG - Schnelllauf-Spiraltor SST Stahl;Komponenten von Fenstern und Vorhangfassaden / Türen und Tore / Stahl;1;qm;Tor - EFAFLEX Tor- und Sicherheitssysteme GmbH & Co. KG - Schnelllauf-Spiraltor SST Stahl;;83,4;;;14,3;;;;;;Türen / Tore: ok in m²;
973a5aa1-fc59-4048-98ca-a9d57290bf58;Tor - Teckentrup GmbH & Co. KG - Falttor;Komponenten von Fenstern und Vorhangfassaden / Türen und Tore / Stahl;1;qm;Tor - Teckentrup GmbH & Co. KG - Falttor;;89;;;;;;;;;Türen / Tore: ok in m²;
d7b3f8d3-5f65-48c5-b2dd-9c7258546ee3;Tor - Teckentrup GmbH & Co. KG - Schiebetor;Komponenten von Fenstern und Vorhangfassaden / Türen und Tore / Stahl;1;qm;Tor - Teckentrup GmbH & Co. KG - Schiebetor;;125;;;;;;;;;Türen / Tore: ok in m²;
6e73328a-962a-43dc-9bbf-91cf6a315b42;Tor - Teckentrup GmbH & Co. KG - Garagensektionaltor;Komponenten von Fenstern und Vorhangfassaden / Türen und Tore / Stahl;1;qm;Tor - Teckentrup GmbH & Co. KG - Garagensektionaltor;;10,9;;;;;;;;;Türen / Tore: ok in m²;
4f73e527-0ca3-4d43-8686-1f18d3c6b426;Tor - Teckentrup GmbH & Co. KG - Industriesektionaltor;Komponenten von Fenstern und Vorhangfassaden / Türen und Tore / Stahl;1;qm;Tor - Teckentrup GmbH & Co. KG - Industriesektionaltor;;30,4;;;;;;;;;Türen / Tore: ok in m²;
083d5e15-abcd-45d6-91de-726a16b204f1;Tor - Teckentrup GmbH & Co. KG - Rolltor;Komponenten von Fenstern und Vorhangfassaden / Türen und Tore / Stahl;1;qm;Tor - Teckentrup GmbH & Co. KG - Rolltor;;36,3;;;;;;;;;Türen / Tore: ok in m²;
d8d9558c-e683-456f-8167-df390df76389;Tor - Lindab A/S - Sektionaltor LDC;Komponenten von Fenstern und Vorhangfassaden / Türen und Tore / Stahl;1;qm;Tor - Lindab A/S - Sektionaltor LDC;;21,1;;;;;;;;;Türen / Tore: ok in m²;
039317ac-7393-41b2-b91f-7816db173d24;Tor - Lindab A/S - Sektionaltor LDI;Komponenten von Fenstern und Vorhangfassaden / Türen und Tore / Stahl;1;qm;Tor - Lindab A/S - Sektionaltor LDI;;20,3;;;;;;;;;Türen / Tore: ok in m²;
24f9f8e0-423c-4fe3-a16a-7b93efae9421;Tür - Teckentrup GmbH & Co. KG - Multifunktionstür;Komponenten von Fenstern und Vorhangfassaden / Türen und Tore / Stahl;1;qm;Tür - Teckentrup GmbH & Co. KG - Multifunktionstür;;44,1;;;;;;;;;Türen / Tore: ok in m²;
85c97417-a0fa-478e-b6e1-e26b097f78a3;Garagensectionaltor-Teckentrup-Stahl;Komponenten von Fenstern und Vorhangfassaden / Türen und Tore / Stahl;1;qm;Tor - Teckentrup GmbH & Co. KG - Garagensektionaltor;;10,9;;;;;;;;;Türen / Tore: ok in m²;
2708d43f-7df7-4474-afae-cc86af429b4f;Decke - HT Laborẋ⦊횥뗧↞ GmbH - Decke für Hygienebereiche;Komposite / Systembauteile / Decken;1;qm;Decke - HT Laborẋ⦊횥뗧↞ GmbH - Decke für Hygienebereiche;;8;;1;;;;;Schichtdicke;EPD: Deckenkassetten Material 1mm verzinktes Stahlblech;;https://www.ift-rosenheim.de/documents/10180/1807855/EPD-HSD-32.0.pdf/ba17de86-e64b-a22e-cfb8-759dcbab343a
f92dc986-1f9a-42e2-9dbb-3abc2499a1d1;Bodensystem - HT Laborẋ⦊횥뗧↞ GmbH - Nasszellen-Boden;Komposite / Systembauteile / Decken;1;qm;Bodensystem - HT Laborẋ⦊횥뗧↞ GmbH - Nasszellen-Boden;;45;;0,028;;;;;Schichtdicke;EPD: Zementgebundene Platte 28mm;;
d44f6388-8e62-4969-8e54-49a3a173f395;Wandsystem - HT Laborẋ⦊횥뗧↞ GmbH - Stahlblech-Paneelwand;Komposite / Systembauteile / Innenwände;1;qm;Wandsystem - HT Laborẋ⦊횥뗧↞ GmbH - Stahlblech-Paneelwand;;23;;0,03;;;;;Schichtdicke;"EPD: Plattenstärke 30 mm; Achtung: komplettes Wandsystem → complete interior wall";;
f696ab8a-9222-42d3-96c9-02da1c8694bc;Wandsystem - HT Laborẋ⦊횥뗧↞ GmbH - Glas-Paneelwand;Komposite / Systembauteile / Innenwände;1;qm;Wandsystem - HT Laborẋ⦊횥뗧↞ GmbH - Glas-Paneelwand;;38;;0,03;;;;;Schichtdicke;"EPD: Plattenstärke 30 mm; Achtung: komplettes Wandsystem → complete interior wall";;
f5cc97d5-95a4-4649-954f-6345b53f454a;Wandsystem - HT Laborẋ⦊횥뗧↞ GmbH - Fliesen-Paneelwand;Komposite / Systembauteile / Innenwände;1;qm;Wandsystem - HT Laborẋ⦊횥뗧↞ GmbH - Fliesen-Paneelwand;;31;;0,03;;;;;Schichtdicke;"EPD: Plattenstärke 30 mm; Achtung: komplettes Wandsystem → complete interior wall";;
ce6e1839-54f9-42cd-ad20-940281e445dc;Getuftete Teppichfliesen LC1, Polmaterial PA 6, Schwerbeschichtung auf Bitumenbasis;Kunststoffe / Bodenbeläge / Textile Bodenbeläge;1;qm;1 m² Bodenbelag Additional Info from Xml: Getuftete Teppichfliesen mit einem Polmaterial aus Polyamid PA 6 und einer Schwerbeschichtung auf Bitumenbasis mit einer textilen Abdeckung. Die Deklaration gilt für Produkte der Luxusklasse LC1.;;0,4;;;;;;;Flächengewicht;;;
e24a3ad6-9df3-4165-b8f0-393211a7838a;Rhepanol hfk;Kunststoffe / Dachbahnen / PIB-Dachbahnen (Polyisobutylen);1;qm;1 m² Dachbahn Additional Info from Xml: Grundstoffe/Hilfsstoffe: Rhepanol hfk besteht aus einer Dichtschicht mit 50-65 % Polyisobutylen (PIB) und Copolymeren, 30-45 % Flammschutzmittel (Metallhydroxid) und funktionellen mineralogischen Zuschlagsstoffen, 2-10 % Titandioxid und 0,5-2,0 % Ruß und Additiven. Daneben ist Rhepanol hfk mit einem rückseitigen Kunststoffvlies verstärkt. Herstellung: Die Herstellung der Rhepanol hfk-Compounds erfolgt über einen kontinuierlich arbeitenden Kneter, in dem die einzelnen Rohstoffe zu einer homogenen Masse vermischt und anschließend granuliert werden. Das Granulat wird über einen weiteren Mischextruder sowie einen Walzenmischer auf einen Kalander gegeben, der die Bahn ausformt. In einem weiteren Prozessschritt wird in gleicher Weise die Oberfolie hergestellt und auf die bereits bestehende Unterfolie aufgebracht. Anschließend werden Kunststoffbahn und Polyestervlies kraftschlüssig zusammengefügt. Am Ende des Fertigungsprozesses erfolgt die Konfektionierung der Dachbahnen. Deklarierte Einheit: Die deklarierte Einheit ist 1 m² produzierte Dachbahn Rhepanol hfk 1,5 mm.;;1934;;0,0015;;;517;;Schichtdicke ergänzt, Flächengewicht korrigiert;Aus der EPD: Gültigkeitsbereich: Die Deklaration gilt für die Dachbahn Rhepanol hfk mit der Dicke 1,5 mm, die in 68199 MannheimNeckarau gefertigt wird.;;
aa728ab7-e807-4cbf-9769-973a674cbe13;Rhepanol hfk-sk;Kunststoffe / Dachbahnen / PIB-Dachbahnen (Polyisobutylen);1;qm;1 m² Dachbahn Additional Info from Xml: Grundstoffe/Hilfsstoffe: Rhepanol hsk besteht aus einer Dichtschicht mit 50-65 % Polyisobutylen (PIB) und Copolymeren, 30-45 % Flammschutzmittel (Metallhydroxid) und funktionellen mineralogischen Zuschlagsstoffen, 2-10 % Titandioxid und 0,5-2,0 % Ruß und Additiven. Daneben ist Rhepanol hsk mit einer Glasvlies- und einer Kunststoffvlieseinlage verstärkt und enthält eine Selbstklebeschicht. Angaben variieren je nach Farbe, Kaschierung und Klebeschicht. Herstellungsprozess: Die Herstellung von Rhepanol hsk-Compounds erfolgt über einen kontinuierlich arbeitenden Kneter, in dem die einzelnen Rohstoffe zu einer homogenen Masse vermischt und anschließend granuliert werden. Das Granulat wird über einen weiteren Mischextruder sowie einen Walzenmischer auf den Kalander gegeben, der die Bahnen ausformt. Ein Dublierkalander führt dann jeweils zwei Kunststoffbahnen mit Glasvlies-, Kunststoffvlies und Selbstklebebeschichtung zusammen. Am Ende des Dublierkalanders erfolgt die Konfektionierung der Dachbahnen. Deklarierte Einheit: Die deklarierte Einheit ist 1 m² produzierte Dachbahn Rhepanol hfk-sk 1,5 mm.;;2139;;0,0015;;;468;;Schichtdicke ergänzt, Flächengewicht korrigiert;;;
b1ea7c10-4471-4485-95bf-7dc0a00025b6;Kraftpapier;Kunststoffe / Folien und Vliese / Baupappen;1;qm;Kraftpapier m2;;0,08;;;;;;;;Das Flächengewicht kann zwischen 40-135 g/m2 betragen;;
4bb6f0f6-178c-41e0-8700-bd597f23ccb8;Dampfbremse PA;Kunststoffe / Folien und Vliese / Dampfbremse / Dampfsperre;1;qm;Dampfbremse PA;;0,08;;;;;;;;;"Diesen Datensatz kann man nur in m² nutzen; ";
900336a3-b5f9-4c40-91a9-f9551f84ac64;PE-HD mit PP-Vlies zur Abdichtung;Kunststoffe / Folien und Vliese / Folien zur Abdichtung;1;qm;PE-HD mit PP-Vlies zur Abdichtung m2;;1,3;;;;;;;;;"Diesen Datensatz kann man nur in m² nutzen; ";
d9a1408e-b6bf-4fac-9b94-d89b580cc131;Fortrac® MPT;Kunststoffe / Folien und Vliese / Technische Textilien;1;qm;1 m2 geosynthetisches Gitter Additional Info from Xml: Die Herstellung der Gitterstruktur erfolgt auf Textilmaschinen. Die Querfäden (CMD) bestehen vollständig aus Polyamid, die Längsfäden (MD) aus Polyvinylalkohol.Die Produkte werden entweder gewebt, oder geraschelt. Beim Rascheln wird im Gegensatz zum Webprozess auch Polyester als Bindekette verwendet. Anschließend wird auf die Geogitter eine Polymer-Schutzummantelung aufgebracht. Die feste Rollengröße des geosynthetischen Gitters beträgt 1000m² mit einer Breite von 5 Metern. Nachdem das Garn zu einem synthetischen Maschengitter verarbeitet worden ist, wird das Garn mit Beschichtungspaste benetzt und in einem Durchlaufofen getrocknet. Dabei wird das neu entstandene Produkt Fortrac® MPT auf ein Papprohr aufgewickelt und verpackt. Technische Daten: Das folgende Kapitel enthält Angaben über die Leistung der Produkte in Bezug auf deren wesentliche Merkmale gemäß EN 13249 ff. soweit sie in der Leistungserklärung enthalten und spezifiziert sind. Deklarierte Einheit: Die Ökobilanz wurde für jeden Produktartikel einzeln aufgestellt. Die Ökobilanzergebnisse wurden anschließend summiert und über die gesamte Produktionsmenge gemittelt. Als deklarierte Einheit wurde gemäß /PCR Teil B/ 1 m2 geosynthetisches Geogitter gewählt. Der Umrechnungsfaktor und der Flächenbezug der einzelnen Produktartikel können der folgenden Tabelle entnommen werden.;;0,36;;;;;2,75;;Flächengewicht;Aus der EPD https://www.oekobaudat.de/OEKOBAU.DAT/resource/sources/4cf1b21f-c6d7-4d2c-b0aa-e8cf2ef15a69/Fortrac_MPT.pdf?version=00.01.000 Die Ökobilanz wurde für jeden Produktartikel einzeln aufgestellt. Die Ökobilanzergebnisse wurden anschließend summiert und über die gesamte Produktionsmenge gemittelt. Als deklarierte Einheit wurde gemäß /PCR Teil B/ 1 m2 geosynthetisches Geogitter gewählt. Der Umrechnungsfaktor und der Flächenbezug der einzelnen Produktartikel können der folgenden Tabelle entnommen werden. Flächengewicht /DIN EN ISO 9864/ 155 - 500 g/m2;"Diesen Datensatz kann man nur in m² nutzen; oder: Durchschnitt 0,3275 kg/m²";
4623cdde-5fb5-41ee-bda5-4ea48e9ebb3a;Stabilenka®;Kunststoffe / Folien und Vliese / Technische Textilien;1;qm;1 m2 geosynthetisches Gewebe Additional Info from Xml: Die Herstellung der Gewebestruktur erfolgt auf Textilmaschinen. Dabei werden die Produktartikel Stabilenka® 100/50 bis 200/45 gewebt, die Produktartikel Stabilenka® 300/50 bis 1000/100 werden geraschelt. Die Querfäden (Schuss) und die Längsfäden (Kette) bestehen vollständig aus Polyester. Je nach Typ beträgt die Rollengröße des Geogewebes zwischen 500 und 1.500m² bei einer Breite von 5 Metern. Das Geogewebe wird auf Stahlrohren aufgerollt und mit PE-Folie verpackt. Technische Daten: Das folgende Kapitel enthält Angaben über die Leistung der Produkte in Bezug auf deren wesentliche Merkmale gemäß EN 13249 ff. soweit sie in der Leistungserklärung enthalten und spezifiziert sind. Deklarierte Einheit: Zur Durchschnittsbildung wurden die Ökobilanzergebnisse der einzelnen Produktartikel addiert und über die Anzahl an Produktartikeln gemittelt. Die spezifischen Werte lassen sich für jeden Produktartikel über den Flächenbezug herleiten.Als deklarierte Einheit wurde gemäß /PCR Teil B/ 1 m2 geosynthetisches Gewebe gewählt. Der Umrechnungsfaktor und der Flächenbezug der einzelnen Produktartikel können der folgenden Tabelle entnommen werden.;;;;;;;1,23;;;Stabilenka® ist ein hochwertiges, wasserdurchlässiges Gewebe zur Bodenbewehrung. → KG 500;Geotextilien → Außenbereich;
79512d1c-6c63-4d30-b368-16b24737ddb1;Tensar TriAX TX 130 S-G Geogitter;Kunststoffe / Folien und Vliese / Technische Textilien;1;qm;Tensar TriAX TX 130S-G Geogitter Additional Info from Xml: Die Herstellung des Geogitter erfolgt am Standort in Blackburn. Die Rohstoffe werden mittels Extrusion, Punching und Stretching Prozesse verarbeitet.;;281;;0,01;;;;;;Aus der EPD: Declared product /declared unit 1 m2 geogrid;Geotextilien → Außenbereich;
30d039df-678c-4a2b-9b0d-0985348d9bc1;Tensar TriAX TX 130 S-GD Geogitter;Kunststoffe / Folien und Vliese / Technische Textilien;1;qm;Tensar TriAX TX 130S-GD Geogitter Additional Info from Xml: Die Herstellung des Geogitter erfolgt am Standort in Blackburn. Die Rohstoffe werden mittels Extrusion, Punching und Stretching Prozesse verarbeitet.;;368;;0,01;;;;;;;Geotextilien → Außenbereich;
ff763631-3fad-4cfe-bcd8-3a6ae400520f;Tensar TriAX TX 130S Geogitter;Kunststoffe / Folien und Vliese / Technische Textilien;1;qm;Tensar TriAX TX 130S Geogitter Additional Info from Xml: Die Herstellung des Geogitter erfolgt am Standort in Blackburn. Die Rohstoffe werden mittels Extrusion, Punching und Stretching Prozesse verarbeitet.;;184;;0,01;;;;;;;Geotextilien → Außenbereich;
8fcd6530-5227-465f-9f5a-0dd17fb0a11e;Tensar TriAX TX 140 Geogitter;Kunststoffe / Folien und Vliese / Technische Textilien;1;qm;Tensar TriAX TX 140 Geogitter Additional Info from Xml: Die Herstellung des Geogitter erfolgt am Standort in Blackburn. Die Rohstoffe werden mittels Extrusion, Punching und Stretching Prozesse verarbeitet.;;175;;0,01;;;;;;;Geotextilien → Außenbereich;
1c8b079d-8a3e-4eef-ab8e-3f1c185dcffa;Tensar TriAX TX 150 Geogitter;Kunststoffe / Folien und Vliese / Technische Textilien;1;qm;Tensar TriAX TX 150 Geogitter Additional Info from Xml: Die Herstellung des Geogitter erfolgt am Standort in Blackburn. Die Rohstoffe werden mittels Extrusion, Punching und Stretching Prozesse verarbeitet.;;189;;0,01;;;;;;;Geotextilien → Außenbereich;
5427c2a5-0158-479a-826d-64d467556edb;Tensar TriAX TX 150-GD Geogitter;Kunststoffe / Folien und Vliese / Technische Textilien;1;qm;Tensar TriAX TX 150-GD Geogitter Additional Info from Xml: Die Herstellung des Geogitter erfolgt am Standort in Blackburn. Die Rohstoffe werden mittels Extrusion, Punching und Stretching Prozesse verarbeitet.;;367;;0,01;;;;;;;Geotextilien → Außenbereich;
eb987474-1dbc-4b50-a9c5-36b138bb051e;Tensar TriAX TX 160 Geogitter;Kunststoffe / Folien und Vliese / Technische Textilien;1;qm;Tensar TriAX TX 160 Geogitter Additional Info from Xml: Die Herstellung des Geogitter erfolgt am Standort in Blackburn. Die Rohstoffe werden mittels Extrusion, Punching und Stretching Prozesse verarbeitet.;;231;;0,01;;;;;;;Geotextilien → Außenbereich;
23e32f6f-42b1-4468-abae-e8be9fe9fd46;Tensar TriAX TX 160-G Geogitter;Kunststoffe / Folien und Vliese / Technische Textilien;1;qm;Tensar TriAX TX 160-G Geogitter Additional Info from Xml: Die Herstellung des Geogitter erfolgt am Standort in Blackburn. Die Rohstoffe werden mittels Extrusion, Punching und Stretching Prozesse verarbeitet.;;348;;0,01;;;;;;;Geotextilien → Außenbereich;
a4a4bf14-7133-48ed-89d4-b3fc68e86c7c;Tensar TriAX TX 170 Geogitter;Kunststoffe / Folien und Vliese / Technische Textilien;1;qm;Tensar TriAX TX 170 Geogitter Additional Info from Xml: Die Herstellung des Geogitter erfolgt am Standort in Blackburn. Die Rohstoffe werden mittels Extrusion, Punching und Stretching Prozesse verarbeitet.;;273;;0,01;;;;;;;Geotextilien → Außenbereich;
1e7a529a-d2fa-4ef5-92de-0af69eeb7b86;Tensar TriAX TX 170-GD Geogitter;Kunststoffe / Folien und Vliese / Technische Textilien;1;qm;Tensar TriAX TX 170-GD Geogitter Additional Info from Xml: Die Herstellung des Geogitter erfolgt am Standort in Blackburn. Die Rohstoffe werden mittels Extrusion, Punching und Stretching Prozesse verarbeitet.;;437;;0,01;;;;;;;Geotextilien → Außenbereich;
2912f061-b8eb-4173-aeac-cf71ff9d9e62;Tensar TriAX TX 180 Geogitter;Kunststoffe / Folien und Vliese / Technische Textilien;1;qm;Tensar TriAX TX 180 Geogitter Additional Info from Xml: Die Herstellung des Geogitter erfolgt am Standort in Blackburn. Die Rohstoffe werden mittels Extrusion, Punching und Stretching Prozesse verarbeitet.;;315;;0,01;;;;;;;Geotextilien → Außenbereich;
055e59ef-f034-430d-9ee1-db993dfa3a7a;Tensar TriAX TX 190L Geogitter;Kunststoffe / Folien und Vliese / Technische Textilien;1;qm;Tensar TriAX TX 190L Geogitter Additional Info from Xml: Die Herstellung des Geogitter erfolgt am Standort in Blackburn. Die Rohstoffe werden mittels Extrusion, Punching und Stretching Prozesse verarbeitet.;;318;;0,01;;;;;;;Geotextilien → Außenbereich;
55141e01-120e-4766-a4ec-15f62d40017a;Tensar TriAX TX 190L-G Geogitter;Kunststoffe / Folien und Vliese / Technische Textilien;1;qm;Tensar TriAX TX 190L-G Geogitter Additional Info from Xml: Die Herstellung des Geogitter erfolgt am Standort in Blackburn. Die Rohstoffe werden mittels Extrusion, Punching und Stretching Prozesse verarbeitet.;;434;;0,01;;;;;;;Geotextilien → Außenbereich;
9acfcfb5-e1ad-4490-bad1-096a76cf23b6;Tensar TriAX TX 190L-GD Geogitter;Kunststoffe / Folien und Vliese / Technische Textilien;1;qm;Tensar TriAX TX 190L-GD Geogitter Additional Info from Xml: Die Herstellung des Geogitter erfolgt am Standort in Blackburn. Die Rohstoffe werden mittels Extrusion, Punching und Stretching Prozesse verarbeitet.;;1;;0,01;;;;;;;Geotextilien → Außenbereich;
54611e43-ebcd-41a4-a16c-356e8780e3c9;Tensar TriAX TX 190L-GN Geogitter;Kunststoffe / Folien und Vliese / Technische Textilien;1;qm;Tensar TriAX TX 190L-GN Geogitter Additional Info from Xml: Die Herstellung des Geogitter erfolgt am Standort in Blackburn. Die Rohstoffe werden mittels Extrusion, Punching und Stretching Prozesse verarbeitet.;;628;;0,01;;;;;;;Geotextilien → Außenbereich;
63bb567f-e2c7-46c7-947f-edf620f1064f;Tensar TriAX TX 5 Geogitter;Kunststoffe / Folien und Vliese / Technische Textilien;1;qm;Tensar TriAX TX 5 Geogitter Additional Info from Xml: Die Herstellung des Geogitter erfolgt am Standort in Blackburn. Die Rohstoffe werden mittels Extrusion, Punching und Stretching Prozesse verarbeitet.;;189;;0,01;;;;;;;Geotextilien → Außenbereich;
ffd9a444-d0cb-47a2-bc25-32c19c85979b;Tensar TriAX TX 7 Geogitter;Kunststoffe / Folien und Vliese / Technische Textilien;1;qm;Tensar TriAX TX 5 Geogitter Additional Info from Xml: Die Herstellung des Geogitter erfolgt am Standort in Blackburn. Die Rohstoffe werden mittels Extrusion, Punching und Stretching Prozesse verarbeitet.;;189;;0,01;;;;;;;Geotextilien → Außenbereich;
5662c927-cd47-46e5-b753-925db31b9870;Sonnenschutztuch;Kunststoffe / Folien und Vliese / Technische Textilien;1;qm;Textil-Sonnenschutz;;0,4;;;;;;;;;Sonnenscutz. Ok in m² ;
785d5ac4-c69d-4e00-941e-26433c1d023d;Aluminiumfolie (d=0,1 mm);Metalle / Aluminium / Aluminiumfolie;1;qm;Aluminiumfolie [m2];;0,28;;0,0001;;;;;Schichtdicke;Name;;
93eac197-0003-41ea-b81f-e517dd3389fb;Metallbeschichtung (wasserbasiert);Metalle / Oberflächenbehandlung und Beschichtung von Metallen / (Nass-) Lackieren von Metallen;1;qm;Metallbeschichtung (wasserbasiert) (m2);;0,29;;;;;;;;;"nur in Verbindung mit Metall möglich; Beschichtung → ok in m²?";
118d1b5e-5f22-4d04-8711-c4b02de02209;Metalllack (lösemittelbasiert);Metalle / Oberflächenbehandlung und Beschichtung von Metallen / (Nass-) Lackieren von Metallen;1;qm;Metalllack (lösemittelbasiert) (m2);;0,21;;;;;;;;;"nur in Verbindung mit Metall möglich; Beschichtung → ok in m²?";
ecf20fae-fe11-41ad-b248-8b4118fd7cc7;Eloxiertes Aluminiumblech;Metalle / Oberflächenbehandlung und Beschichtung von Metallen / Anodisieren von Aluminium;1;qm;Aluminium (eloxiert, m2);;1;;;;;;;;;"nur in Verbindung mit Aluminium möglich; Beschichtung → ok in m²?";
d61a6f60-bcca-4bf6-a151-bd076b4c3366;Pulverbeschichten von Metallen;Metalle / Oberflächenbehandlung und Beschichtung von Metallen / Pulverbeschichten;1;qm;Pulverbeschichtetes Metall, pro m2;;0,18;;;;;;;;;"nur in Verbindung mit Metall möglich; Beschichtung → ok in m²?";
50c9e674-afd9-456c-9440-6506bec6d55b;Feuerverzinktes Stahlblech;Metalle / Stahl und Eisen / Stahlbleche;1;qm;Stahl (feuerverzinkt);;5,72;7850;;;;;;Rohdichte;;;
7e083808-ffcb-4c0c-9d52-11c42c2c48e9;Profil - König GmbH & Co. KG - Wandprofil verzinkt CW75;Metalle / Stahl und Eisen / Stahlprofile;1;m;Profil - König GmbH & Co. KG - Wandprofil verzinkt CW75;;;7874;;;0,86;;;Rohdichte ergänzt;aus Datensatz „Stahl Feinblech“;;
00402f5e-4a5b-48a5-b1e2-cbd4fddffbe7;Profil - König GmbH & Co. KG - Wandprofil verzinkt CW100;Metalle / Stahl und Eisen / Stahlprofile;1;m;Profil - König GmbH & Co. KG - Wandprofil verzinkt CW100;;;7874;;;0,96;;;Rohdichte ergänzt;aus Datensatz „Stahl Feinblech“;;
7065f9ef-8969-4723-b311-c65042481dd1;Profil - König GmbH & Co. KG - Wandprofil verzinkt CW125;Metalle / Stahl und Eisen / Stahlprofile;1;m;Profil - König GmbH & Co. KG - Wandprofil verzinkt CW125;;;7874;;;1,08;;;Rohdichte ergänzt;aus Datensatz „Stahl Feinblech“;;
313eef35-fd80-4d4a-b8ab-96762d075cf6;Profil - König GmbH & Co. KG - Wandprofil verzinkt CW150;Metalle / Stahl und Eisen / Stahlprofile;1;m;Profil - König GmbH & Co. KG - Wandprofil verzinkt CW150;;;7874;;;1,2;;;Rohdichte ergänzt;aus Datensatz „Stahl Feinblech“;;
26730864-4f60-4274-9d38-5e0b0f0e234f;Profil - König GmbH & Co. KG - Wandprofil verzinkt CW50;Metalle / Stahl und Eisen / Stahlprofile;1;m;Profil - König GmbH & Co. KG - Wandprofil verzinkt CW50;;;7874;;;0,72;;;Rohdichte ergänzt;aus Datensatz „Stahl Feinblech“;;
199ca92f-b191-4b77-8140-2b3816bffbfc;Profil - König GmbH & Co. KG - Wandprofil korrosionsgeschützt CW50;Metalle / Stahl und Eisen / Stahlprofile;1;m;Profil - König GmbH & Co. KG - Wandprofil korrosionsgeschützt CW50;;;7874;;;0,716;;;Rohdichte ergänzt, Längengewicht korrigiert;aus Datensatz „Stahl Feinblech“;;
25b83cc5-12f5-4c46-a5ec-1ba9c07b237e;Profil - König GmbH & Co. KG - Wandprofil korrosionsgeschützt CW75;Metalle / Stahl und Eisen / Stahlprofile;1;m;Profil - König GmbH & Co. KG - Wandprofil korrosionsgeschützt CW75;;;7874;;;0,86;;;Rohdichte ergänzt;aus Datensatz „Stahl Feinblech“;;
63f9442f-4701-42e7-8166-df509288cd88;Profil - König GmbH & Co. KG - Wandprofil korrosionsgeschützt CW150;Metalle / Stahl und Eisen / Stahlprofile;1;m;Profil - König GmbH & Co. KG - Wandprofil korrosionsgeschützt CW150;;;7874;;;1,195;;;Rohdichte ergänzt, Längengewicht korrigiert;aus Datensatz „Stahl Feinblech“;;
d8139749-44f9-4658-8528-5547d78a499a;Profil - König GmbH & Co. KG - Wandprofil korrosionsgeschützt CW125;Metalle / Stahl und Eisen / Stahlprofile;1;m;Profil - König GmbH & Co. KG - Wandprofil korrosionsgeschützt CW125;;;7874;;;1,075;;;Rohdichte ergänzt, Längengewicht korrigiert;aus Datensatz „Stahl Feinblech“;;
38fe1c7e-9dd1-4b42-bad4-3a9d3f743e2f;Profil - König GmbH & Co. KG - Wandprofil korrosionsgeschützt CW100;Metalle / Stahl und Eisen / Stahlprofile;1;m;Profil - König GmbH & Co. KG - Wandprofil korrosionsgeschützt CW100;;;7874;;;0,955;;;Rohdichte ergänzt, Längengewicht korrigiert;aus Datensatz „Stahl Feinblech“;;
b6a0db91-964d-452a-832d-5a26887f63d1;Profil - König GmbH & Co. KG - Deckenprofil verzinkt Hutdecke 98;Metalle / Stahl und Eisen / Stahlprofile;1;m;Profil - König GmbH & Co. KG - Deckenprofil verzinkt Hutdecke 98;;;7874;;;0,61;;;Rohdichte ergänzt;aus Datensatz „Stahl Feinblech“;;
fbf50d71-abb0-4567-be08-4311c679973b;Profil - König GmbH & Co. KG - Deckenprofil verzinkt UD28/48;Metalle / Stahl und Eisen / Stahlprofile;1;m;Profil - König GmbH & Co. KG - Deckenprofil verzinkt UD28/48;;;7874;;;0,48;;;Rohdichte ergänzt;aus Datensatz „Stahl Feinblech“;;
7f8a6a50-c844-40f8-808b-0e6a14fe7ce0;Profil - König GmbH & Co. KG - Deckenprofil verzinkt CD60/27;Metalle / Stahl und Eisen / Stahlprofile;1;m;Profil - König GmbH & Co. KG - Deckenprofil verzinkt CD60/27;;;7874;;;0,59;;;Rohdichte ergänzt;aus Datensatz „Stahl Feinblech“;;
2b008167-5610-4561-86fc-4a1976048366;Profil - König GmbH & Co. KG - Deckenprofil korrosionsgeschützt Hutdecke 98;Metalle / Stahl und Eisen / Stahlprofile;1;m;Profil - König GmbH & Co. KG - Deckenprofil korrosionsgeschützt Hutdecke 98;;;7874;;;0,61;;;Rohdichte ergänzt;aus Datensatz „Stahl Feinblech“;;
5da65ba4-67ca-4db3-bfa1-9ccafe5f30da;Profil - König GmbH & Co. KG - Deckenprofil korrosionsgeschützt UD28/48;Metalle / Stahl und Eisen / Stahlprofile;1;m;Profil - König GmbH & Co. KG - Deckenprofil korrosionsgeschützt UD28/48;;;7874;;;0,48;;;Rohdichte ergänzt;aus Datensatz „Stahl Feinblech“;;
0571d36b-4912-4e3b-b538-00818c3d52ec;Profil - König GmbH & Co. KG - Deckenprofil korrosionsgeschützt CD60/27;Metalle / Stahl und Eisen / Stahlprofile;1;m;Profil - König GmbH & Co. KG - Deckenprofil korrosionsgeschützt CD60/27;;;7874;;;0,59;;;Rohdichte ergänzt;aus Datensatz „Stahl Feinblech“;;
85c41389-d62e-4dff-a819-896b35367cbc;Voranstrich (Silikat-Dispersion);Mineralische Baustoffe / Mörtel und Beton / Putz und Putzmörtel;1;kg;Putz (Silikat-Dispersion);;;1500;;;;;;Rohdichte ergänzt;Ökobaudat-Konfiguration;;
2ad0fca7-2c3d-4305-9be1-073a1b72b087;Isospan 1 Holzbetonmantelsteine mit Holzfaserdämmung OEKOPUR S 36,5/16,5 ohne Füllbeton;Mineralische Baustoffe / Steine und Elemente / Betonfertigteile und Betonwaren;1;qm;Isospan 1 Holzbetonmantelsteine mit Holzfaserdämmung OEKOPUR S 36,5-16,5 ohne Füllbeton Additional Info from Xml: Die Herstellung des Holzspanbetons erfolgt im Werk in Ramingstein. Dabei werden Holzspäne, Zement und Wasser gemischt, in Formkästen gefüllt und die Dämmstoffeinlage zugegeben. ;;79,5;218;;;;;;Bezugseinheit;http://www.bau-epd.at/wp-content/uploads/2017/08/EPD_GaBi_Isospan-2017-1_OEKOPUR_20170809-oBeton.pdf;;
c0dea00e-60ed-497b-9b90-87b4d4e767e7;Isospan 2 Holzbetonmantelsteine mit EPS-Dämmung SILVER S 25/6 ohne Füllbeton;Mineralische Baustoffe / Steine und Elemente / Betonfertigteile und Betonwaren;1;qm;Isospan 2 Holzbetonmantelsteine mit EPS-Dämmung SILVER S 25/6 ohne Füllbeton Additional Info from Xml: Die Herstellung des Holzspanbetons erfolgt im Werk in Ramingstein. Dabei werden Holzspäne, Zement und Wasser gemischt, in Formkästen gefüllt und die Dämmstoffeinlage zugegeben. ;;59,6;238;;;;;;Bezugseinheit;http://www.bau-epd.at/wp-content/uploads/2017/08/EPD_GaBi_Isospan-2017-1_OEKOPUR_20170809-oBeton.pdf;;
b2226ee0-acb4-4eaf-a4a3-ff2fd24fdb62;Isospan 2 Holzbetonmantelsteine mit EPS-Dämmung SILVER S 30/5 ohne Füllbeton;Mineralische Baustoffe / Steine und Elemente / Betonfertigteile und Betonwaren;1;qm;Isospan 2 Holzbetonmantelsteine mit EPS-Dämmung SILVER S 30/5 ohne Füllbeton Additional Info from Xml: Die Herstellung des Holzspanbetons erfolgt im Werk in Ramingstein. Dabei werden Holzspäne, Zement und Wasser gemischt, in Formkästen gefüllt und die Dämmstoffeinlage zugegeben. ;;69,2;231;;;;;;Bezugseinheit;http://www.bau-epd.at/wp-content/uploads/2017/08/EPD_GaBi_Isospan-2017-1_OEKOPUR_20170809-oBeton.pdf;;
657cd1e6-1691-4eea-a853-1df984bcee01;Isospan 2 Holzbetonmantelsteine mit EPS-Dämmung SILVER S 30/7 ohne Füllbeton;Mineralische Baustoffe / Steine und Elemente / Betonfertigteile und Betonwaren;1;qm;Isospan 2 Holzbetonmantelsteine mit EPS-Dämmung SILVER S 30/7 ohne Füllbeton Additional Info from Xml: Die Herstellung des Holzspanbetons erfolgt im Werk in Ramingstein. Dabei werden Holzspäne, Zement und Wasser gemischt, in Formkästen gefüllt und die Dämmstoffeinlage zugegeben. ;;70,8;236;;;;;;Bezugseinheit;http://www.bau-epd.at/wp-content/uploads/2017/08/EPD_GaBi_Isospan-2017-1_OEKOPUR_20170809-oBeton.pdf;;
985a94db-d4ad-460c-bf5b-4d909a3d9075;Isospan 2 Holzbetonmantelsteine mit EPS-Dämmung SILVER S 30/9 ohne Füllbeton;Mineralische Baustoffe / Steine und Elemente / Betonfertigteile und Betonwaren;1;qm;Isospan 2 Holzbetonmantelsteine mit EPS-Dämmung SILVER S 30/9 ohne Füllbeton Additional Info from Xml: Die Herstellung des Holzspanbetons erfolgt im Werk in Ramingstein. Dabei werden Holzspäne, Zement und Wasser gemischt, in Formkästen gefüllt und die Dämmstoffeinlage zugegeben. ;;70,2;234;;;;;;Bezugseinheit;http://www.bau-epd.at/wp-content/uploads/2017/08/EPD_GaBi_Isospan-2017-1_OEKOPUR_20170809-oBeton.pdf;;
8ef6efbf-9a86-4c08-80aa-c9eb327f0804;Isospan 2 Holzbetonmantelsteine mit EPS-Dämmung SILVER S 36,5/13,5 ohne Füllbeton;Mineralische Baustoffe / Steine und Elemente / Betonfertigteile und Betonwaren;1;qm;Isospan 2 Holzbetonmantelsteine mit EPS-Dämmung SILVER S 36,5/13,5 ohne Füllbeton Additional Info from Xml: Die Herstellung des Holzspanbetons erfolgt im Werk in Ramingstein. Dabei werden Holzspäne, Zement und Wasser gemischt, in Formkästen gefüllt und die Dämmstoffeinlage zugegeben. ;;67,8;186;;;;;;Bezugseinheit;http://www.bau-epd.at/wp-content/uploads/2017/08/EPD_GaBi_Isospan-2017-1_OEKOPUR_20170809-oBeton.pdf;;
9b1f7394-fa8b-4364-baee-a8109d94660d;Isospan 2 Holzbetonmantelsteine mit EPS-Dämmung SILVER S 36,5/16,5 ohne Füllbeton;Mineralische Baustoffe / Steine und Elemente / Betonfertigteile und Betonwaren;1;qm;Isospan 2 Holzbetonmantelsteine mit EPS-Dämmung SILVER S 36,5/16,5 ohne Füllbeton Additional Info from Xml: Die Herstellung des Holzspanbetons erfolgt im Werk in Ramingstein. Dabei werden Holzspäne, Zement und Wasser gemischt, in Formkästen gefüllt und die Dämmstoffeinlage zugegeben. ;;63,7;175;;;;;;Bezugseinheit;http://www.bau-epd.at/wp-content/uploads/2017/08/EPD_GaBi_Isospan-2017-1_OEKOPUR_20170809-oBeton.pdf;;
f8cd76cb-b180-46cd-916a-bffb2fb341a4;Isospan 2 Holzbetonmantelsteine mit EPS-Dämmung SILVER S 36,5/5 ohne Füllbeton;Mineralische Baustoffe / Steine und Elemente / Betonfertigteile und Betonwaren;1;qm;Isospan 2 Holzbetonmantelsteine mit EPS-Dämmung SILVER S 36,5/5 ohne Füllbeton Additional Info from Xml: Die Herstellung des Holzspanbetons erfolgt im Werk in Ramingstein. Dabei werden Holzspäne, Zement und Wasser gemischt, in Formkästen gefüllt und die Dämmstoffeinlage zugegeben. ;;87;238;;;;;;Bezugseinheit;http://www.bau-epd.at/wp-content/uploads/2017/08/EPD_GaBi_Isospan-2017-1_OEKOPUR_20170809-oBeton.pdf;;
ca4bb781-7313-47a9-a566-4c60af01362e;Isospan 3 Holzbetonmantelsteine mit PU-Dämmung ISOPUR S 36,5/16,5 ohne Füllbeton;Mineralische Baustoffe / Steine und Elemente / Betonfertigteile und Betonwaren;1;qm;Isospan 3 Holzbetonmantelsteine mit PU-Dämmung ISOPUR S 36,5/16,5 ohne Füllbeton Additional Info from Xml: Die Herstellung des Holzspanbetons erfolgt im Werk in Ramingstein. Dabei werden Holzspäne, Zement und Wasser gemischt, in Formkästen gefüllt und die Dämmstoffeinlage zugegeben. ;;66,6;182;;;;;;Bezugseinheit;http://www.bau-epd.at/wp-content/uploads/2017/08/EPD_GaBi_Isospan-2017-1_OEKOPUR_20170809-oBeton.pdf;;
8425d306-3cbc-44df-844d-f29a691de378;Isospan 4 Holzbetonmantelsteine Normalstein I 25 ohne Füllbeton;Mineralische Baustoffe / Steine und Elemente / Betonfertigteile und Betonwaren;1;qm;Isospan 4 Holzbetonmantelsteine Normalstein I 25 ohne Füllbeton Additional Info from Xml: Die Herstellung des Holzspanbetons erfolgt im Werk in Ramingstein. Dabei werden Holzspäne, Zement und Wasser gemischt und in Formkästen gefüllt.;;77,8;311;;;;;;Bezugseinheit;http://www.bau-epd.at/wp-content/uploads/2017/08/EPD_GaBi_Isospan-2017-1_OEKOPUR_20170809-oBeton.pdf;;
8a78734f-63dc-4f49-8054-2de042f9b868;Isospan 4 Holzbetonmantelsteine Normalstein I 30 ohne Füllbeton;Mineralische Baustoffe / Steine und Elemente / Betonfertigteile und Betonwaren;1;qm;Isospan 4 Holzbetonmantelsteine Normalstein I 30 ohne Füllbeton Additional Info from Xml: Die Herstellung des Holzspanbetons erfolgt im Werk in Ramingstein. Dabei werden Holzspäne, Zement und Wasser gemischt und in Formkästen gefüllt.;;82,2;274;;;;;;Bezugseinheit;http://www.bau-epd.at/wp-content/uploads/2017/08/EPD_GaBi_Isospan-2017-1_OEKOPUR_20170809-oBeton.pdf;;
404751ce-9ef4-466d-83db-78a4bdacc559;Isospan 4 Holzbetonmantelsteine Normalstein N 15 ohne Füllbeton;Mineralische Baustoffe / Steine und Elemente / Betonfertigteile und Betonwaren;1;qm;Isospan 4 Holzbetonmantelsteine Normalstein N 15 ohne Füllbeton Additional Info from Xml: Die Herstellung des Holzspanbetons erfolgt im Werk in Ramingstein. Dabei werden Holzspäne, Zement und Wasser gemischt und in Formkästen gefüllt.;;59;393;;;;;;Bezugseinheit;http://www.bau-epd.at/wp-content/uploads/2017/08/EPD_GaBi_Isospan-2017-1_OEKOPUR_20170809-oBeton.pdf;;
98fc3019-6555-4742-9524-a55c3f47f6c9;Isospan 4 Holzbetonmantelsteine Normalstein N 18 ohne Füllbeton;Mineralische Baustoffe / Steine und Elemente / Betonfertigteile und Betonwaren;1;qm;Isospan 4 Holzbetonmantelsteine Normalstein N 18 ohne Füllbeton Additional Info from Xml: Die Herstellung des Holzspanbetons erfolgt im Werk in Ramingstein. Dabei werden Holzspäne, Zement und Wasser gemischt und in Formkästen gefüllt.;;49;272;;;;;;Bezugseinheit;http://www.bau-epd.at/wp-content/uploads/2017/08/EPD_GaBi_Isospan-2017-1_OEKOPUR_20170809-oBeton.pdf;;
f3dafca9-7688-48ce-91f5-b77f6037e217;Isospan 4 Holzbetonmantelsteine Normalstein N 20 ohne Füllbeton;Mineralische Baustoffe / Steine und Elemente / Betonfertigteile und Betonwaren;1;qm;Isospan 4 Holzbetonmantelsteine Normalstein N 20 ohne Füllbeton Additional Info from Xml: Die Herstellung des Holzspanbetons erfolgt im Werk in Ramingstein. Dabei werden Holzspäne, Zement und Wasser gemischt und in Formkästen gefüllt.;;62,2;311;;;;;;Bezugseinheit;http://www.bau-epd.at/wp-content/uploads/2017/08/EPD_GaBi_Isospan-2017-1_OEKOPUR_20170809-oBeton.pdf;;
983a5a12-fd92-4c9b-a6b6-6813230b1aca;Isospan 4 Holzbetonmantelsteine Normalstein N 22 ohne Füllbeton;Mineralische Baustoffe / Steine und Elemente / Betonfertigteile und Betonwaren;1;qm;Isospan 4 Holzbetonmantelsteine Normalstein N 22 ohne Füllbeton Additional Info from Xml: Die Herstellung des Holzspanbetons erfolgt im Werk in Ramingstein. Dabei werden Holzspäne, Zement und Wasser gemischt und in Formkästen gefüllt.;;60,8;276;;;;;;Bezugseinheit;http://www.bau-epd.at/wp-content/uploads/2017/08/EPD_GaBi_Isospan-2017-1_OEKOPUR_20170809-oBeton.pdf;;
56545408-c87b-42a2-ae4c-37140cfa2c29;Isospan 4 Holzbetonmantelsteine Normalstein N 25 ohne Füllbeton;Mineralische Baustoffe / Steine und Elemente / Betonfertigteile und Betonwaren;1;qm;Isospan 4 Holzbetonmantelsteine Normalstein N 25 ohne Füllbeton Additional Info from Xml: Die Herstellung des Holzspanbetons erfolgt im Werk in Ramingstein. Dabei werden Holzspäne, Zement und Wasser gemischt und in Formkästen gefüllt.;;78;312;;;;;;Bezugseinheit;http://www.bau-epd.at/wp-content/uploads/2017/08/EPD_GaBi_Isospan-2017-1_OEKOPUR_20170809-oBeton.pdf;;
0504b48b-81ca-47b4-bc7a-ecdaa6701cc9;Isospan 4 Holzbetonmantelsteine Normalstein TW 30 ohne Füllbeton;Mineralische Baustoffe / Steine und Elemente / Betonfertigteile und Betonwaren;1;qm;Isospan 4 Holzbetonmantelsteine Normalstein TW 30 ohne Füllbeton Additional Info from Xml: Die Herstellung des Holzspanbetons erfolgt im Werk in Ramingstein. Dabei werden Holzspäne, Zement und Wasser gemischt und in Formkästen gefüllt.;;105,4;351;;;;;;Bezugseinheit;http://www.bau-epd.at/wp-content/uploads/2017/08/EPD_GaBi_Isospan-2017-1_OEKOPUR_20170809-oBeton.pdf;;
d4680073-0c9c-40f4-842f-c6830856812c;Betonpflaster- Standardstein grau mit Vorsatz;Mineralische Baustoffe / Steine und Elemente / Betonfertigteile und Betonwaren;1;null;1 m² Betonpflasterstein, 10 cm (225 kg/m²);;225;;0,1;;;0,0044;;Schichtdicke;Referenzfluss-Name;;
1a7c1457-bbf6-4d40-a94d-1cac4d663baa;Betonpflasterstein mit Edelsplittvorsatzbeton;Mineralische Baustoffe / Steine und Elemente / Betonfertigteile und Betonwaren;1;qm;Betonpflasterstein 1 m² mit 12 cm Dicke;;270;;0,12;;;0,0037;;Schichtdicke;Referenzfluss-Name;;
284efda1-bb16-453a-bc32-070f3bab4cb3;Betonpflasterstein mit schwarz-weiß meliertem Vorsatz;Mineralische Baustoffe / Steine und Elemente / Betonfertigteile und Betonwaren;1;qm;Betonpflasterstein mit schwarz-weiß meliertem Vorsatz;;135;;0,06;;;0,0074;;Schichtdicke;Referenzfluss-Name;;
a4fb9ec0-d5ae-414b-a0a1-2cf7f586022d;Betonfertigteil Decke 40cm;Mineralische Baustoffe / Steine und Elemente / Betonfertigteile und Betonwaren;1;qm;Betonfertigteil Decke 40cm (m2);;1008;;0,4;;;;;Schichtdicke;Referenzfluss-Name;;
3470c523-ffcd-48df-93ff-dedfde86572a;Betonfertigteil Wand 40cm;Mineralische Baustoffe / Steine und Elemente / Betonfertigteile und Betonwaren;1;qm;Betonfertigteil Wand 40cm (m2);;971;;0,4;;;;;Schichtdicke;Referenzfluss-Name;;
b342696e-2ebb-4fe1-a71d-f3520db0cee9;Betonfertigteil Wand 12cm;Mineralische Baustoffe / Steine und Elemente / Betonfertigteile und Betonwaren;1;qm;Betonfertigteil Wand 12cm (m2);;291,3;;0,12;;;;;Schichtdicke;Referenzfluss-Name;;
9357b7fc-cf0a-45fc-8299-e794e3889a40;Betonfertigteil Decke 20cm;Mineralische Baustoffe / Steine und Elemente / Betonfertigteile und Betonwaren;1;qm;Betonfertigteil Decke 20cm (m2);;504;;0,2;;;;;Schichtdicke;Referenzfluss-Name;;
2ad0fca7-2c3d-4305-9be1-073a1b72b087;Isospan 1 Holzbetonmantelsteine mit Holzfaserdämmung OEKOPUR S 36,5/16,5 ohne Füllbeton;Mineralische Baustoffe / Steine und Elemente / Betonfertigteile und Betonwaren;1;qm;Isospan 1 Holzbetonmantelsteine mit Holzfaserdämmung OEKOPUR S 36,5-16,5 ohne Füllbeton Additional Info from Xml: Die Herstellung des Holzspanbetons erfolgt im Werk in Ramingstein. Dabei werden Holzspäne, Zement und Wasser gemischt, in Formkästen gefüllt und die Dämmstoffeinlage zugegeben. ;;79,5;218;365;;;;;Bezugseinheit und Schichtdicke;"Aus der EPD: 3.1.2 Deklarierte Einheit Die deklarierte Einheit ist 1 m² Holzmantelbetonsteine. Im vorliegenden Bericht entspricht die funktionale Einheit der deklarierten Einheit. 3,2 Stück pro m²; Abmessungen: 0,365x0,25x1,25m=0,114m³ pro Stück x 3,2 Stück = 0,365 → Schichtdicke";;
c0dea00e-60ed-497b-9b90-87b4d4e767e7;Isospan 2 Holzbetonmantelsteine mit EPS-Dämmung SILVER S 25/6 ohne Füllbeton;Mineralische Baustoffe / Steine und Elemente / Betonfertigteile und Betonwaren;1;qm;Isospan 2 Holzbetonmantelsteine mit EPS-Dämmung SILVER S 25/6 ohne Füllbeton Additional Info from Xml: Die Herstellung des Holzspanbetons erfolgt im Werk in Ramingstein. Dabei werden Holzspäne, Zement und Wasser gemischt, in Formkästen gefüllt und die Dämmstoffeinlage zugegeben. ;;59,6;238;0,25;;;;;Bezugseinheit und Schichtdicke;Aus der EPD: Als funktionale Einheit wurde ein Quadratmeter Wand (m²) festgelegt.;;
b2226ee0-acb4-4eaf-a4a3-ff2fd24fdb62;Isospan 2 Holzbetonmantelsteine mit EPS-Dämmung SILVER S 30/5 ohne Füllbeton;Mineralische Baustoffe / Steine und Elemente / Betonfertigteile und Betonwaren;1;qm;Isospan 2 Holzbetonmantelsteine mit EPS-Dämmung SILVER S 30/5 ohne Füllbeton Additional Info from Xml: Die Herstellung des Holzspanbetons erfolgt im Werk in Ramingstein. Dabei werden Holzspäne, Zement und Wasser gemischt, in Formkästen gefüllt und die Dämmstoffeinlage zugegeben. ;;69,2;231;0,3;;;;;Bezugseinheit und Schichtdicke;;;
657cd1e6-1691-4eea-a853-1df984bcee01;Isospan 2 Holzbetonmantelsteine mit EPS-Dämmung SILVER S 30/7 ohne Füllbeton;Mineralische Baustoffe / Steine und Elemente / Betonfertigteile und Betonwaren;1;qm;Isospan 2 Holzbetonmantelsteine mit EPS-Dämmung SILVER S 30/7 ohne Füllbeton Additional Info from Xml: Die Herstellung des Holzspanbetons erfolgt im Werk in Ramingstein. Dabei werden Holzspäne, Zement und Wasser gemischt, in Formkästen gefüllt und die Dämmstoffeinlage zugegeben. ;;70,8;236;0,3;;;;;Bezugseinheit und Schichtdicke;;;
985a94db-d4ad-460c-bf5b-4d909a3d9075;Isospan 2 Holzbetonmantelsteine mit EPS-Dämmung SILVER S 30/9 ohne Füllbeton;Mineralische Baustoffe / Steine und Elemente / Betonfertigteile und Betonwaren;1;qm;Isospan 2 Holzbetonmantelsteine mit EPS-Dämmung SILVER S 30/9 ohne Füllbeton Additional Info from Xml: Die Herstellung des Holzspanbetons erfolgt im Werk in Ramingstein. Dabei werden Holzspäne, Zement und Wasser gemischt, in Formkästen gefüllt und die Dämmstoffeinlage zugegeben. ;;70,2;234;0,3;;;;;Bezugseinheit und Schichtdicke;;;
8ef6efbf-9a86-4c08-80aa-c9eb327f0804;Isospan 2 Holzbetonmantelsteine mit EPS-Dämmung SILVER S 36,5/13,5 ohne Füllbeton;Mineralische Baustoffe / Steine und Elemente / Betonfertigteile und Betonwaren;1;qm;Isospan 2 Holzbetonmantelsteine mit EPS-Dämmung SILVER S 36,5/13,5 ohne Füllbeton Additional Info from Xml: Die Herstellung des Holzspanbetons erfolgt im Werk in Ramingstein. Dabei werden Holzspäne, Zement und Wasser gemischt, in Formkästen gefüllt und die Dämmstoffeinlage zugegeben. ;;67,8;186;365;;;;;Bezugseinheit und Schichtdicke;;;
9b1f7394-fa8b-4364-baee-a8109d94660d;Isospan 2 Holzbetonmantelsteine mit EPS-Dämmung SILVER S 36,5/16,5 ohne Füllbeton;Mineralische Baustoffe / Steine und Elemente / Betonfertigteile und Betonwaren;1;qm;Isospan 2 Holzbetonmantelsteine mit EPS-Dämmung SILVER S 36,5/16,5 ohne Füllbeton Additional Info from Xml: Die Herstellung des Holzspanbetons erfolgt im Werk in Ramingstein. Dabei werden Holzspäne, Zement und Wasser gemischt, in Formkästen gefüllt und die Dämmstoffeinlage zugegeben. ;;63,7;175;365;;;;;Bezugseinheit und Schichtdicke;;;
f8cd76cb-b180-46cd-916a-bffb2fb341a4;Isospan 2 Holzbetonmantelsteine mit EPS-Dämmung SILVER S 36,5/5 ohne Füllbeton;Mineralische Baustoffe / Steine und Elemente / Betonfertigteile und Betonwaren;1;qm;Isospan 2 Holzbetonmantelsteine mit EPS-Dämmung SILVER S 36,5/5 ohne Füllbeton Additional Info from Xml: Die Herstellung des Holzspanbetons erfolgt im Werk in Ramingstein. Dabei werden Holzspäne, Zement und Wasser gemischt, in Formkästen gefüllt und die Dämmstoffeinlage zugegeben. ;;87;238;365;;;;;Bezugseinheit und Schichtdicke;;;
ca4bb781-7313-47a9-a566-4c60af01362e;Isospan 3 Holzbetonmantelsteine mit PU-Dämmung ISOPUR S 36,5/16,5 ohne Füllbeton;Mineralische Baustoffe / Steine und Elemente / Betonfertigteile und Betonwaren;1;qm;Isospan 3 Holzbetonmantelsteine mit PU-Dämmung ISOPUR S 36,5/16,5 ohne Füllbeton Additional Info from Xml: Die Herstellung des Holzspanbetons erfolgt im Werk in Ramingstein. Dabei werden Holzspäne, Zement und Wasser gemischt, in Formkästen gefüllt und die Dämmstoffeinlage zugegeben. ;;66,6;182;365;;;;;Bezugseinheit und Schichtdicke;;;
8425d306-3cbc-44df-844d-f29a691de378;Isospan 4 Holzbetonmantelsteine Normalstein I 25 ohne Füllbeton;Mineralische Baustoffe / Steine und Elemente / Betonfertigteile und Betonwaren;1;qm;Isospan 4 Holzbetonmantelsteine Normalstein I 25 ohne Füllbeton Additional Info from Xml: Die Herstellung des Holzspanbetons erfolgt im Werk in Ramingstein. Dabei werden Holzspäne, Zement und Wasser gemischt und in Formkästen gefüllt.;;77,8;311;0,25;;;;;Bezugseinheit und Schichtdicke;;;
8a78734f-63dc-4f49-8054-2de042f9b868;Isospan 4 Holzbetonmantelsteine Normalstein I 30 ohne Füllbeton;Mineralische Baustoffe / Steine und Elemente / Betonfertigteile und Betonwaren;1;qm;Isospan 4 Holzbetonmantelsteine Normalstein I 30 ohne Füllbeton Additional Info from Xml: Die Herstellung des Holzspanbetons erfolgt im Werk in Ramingstein. Dabei werden Holzspäne, Zement und Wasser gemischt und in Formkästen gefüllt.;;82,2;274;0,3;;;;;Bezugseinheit und Schichtdicke;;;
404751ce-9ef4-466d-83db-78a4bdacc559;Isospan 4 Holzbetonmantelsteine Normalstein N 15 ohne Füllbeton;Mineralische Baustoffe / Steine und Elemente / Betonfertigteile und Betonwaren;1;qm;Isospan 4 Holzbetonmantelsteine Normalstein N 15 ohne Füllbeton Additional Info from Xml: Die Herstellung des Holzspanbetons erfolgt im Werk in Ramingstein. Dabei werden Holzspäne, Zement und Wasser gemischt und in Formkästen gefüllt.;;59;393;0,15;;;;;Bezugseinheit und Schichtdicke;;;
98fc3019-6555-4742-9524-a55c3f47f6c9;Isospan 4 Holzbetonmantelsteine Normalstein N 18 ohne Füllbeton;Mineralische Baustoffe / Steine und Elemente / Betonfertigteile und Betonwaren;1;qm;Isospan 4 Holzbetonmantelsteine Normalstein N 18 ohne Füllbeton Additional Info from Xml: Die Herstellung des Holzspanbetons erfolgt im Werk in Ramingstein. Dabei werden Holzspäne, Zement und Wasser gemischt und in Formkästen gefüllt.;;49;272;0,18;;;;;Bezugseinheit und Schichtdicke;;;
f3dafca9-7688-48ce-91f5-b77f6037e217;Isospan 4 Holzbetonmantelsteine Normalstein N 20 ohne Füllbeton;Mineralische Baustoffe / Steine und Elemente / Betonfertigteile und Betonwaren;1;qm;Isospan 4 Holzbetonmantelsteine Normalstein N 20 ohne Füllbeton Additional Info from Xml: Die Herstellung des Holzspanbetons erfolgt im Werk in Ramingstein. Dabei werden Holzspäne, Zement und Wasser gemischt und in Formkästen gefüllt.;;62,2;311;0,2;;;;;Bezugseinheit und Schichtdicke;;;
983a5a12-fd92-4c9b-a6b6-6813230b1aca;Isospan 4 Holzbetonmantelsteine Normalstein N 22 ohne Füllbeton;Mineralische Baustoffe / Steine und Elemente / Betonfertigteile und Betonwaren;1;qm;Isospan 4 Holzbetonmantelsteine Normalstein N 22 ohne Füllbeton Additional Info from Xml: Die Herstellung des Holzspanbetons erfolgt im Werk in Ramingstein. Dabei werden Holzspäne, Zement und Wasser gemischt und in Formkästen gefüllt.;;60,8;276;0,22;;;;;Bezugseinheit und Schichtdicke;;;
56545408-c87b-42a2-ae4c-37140cfa2c29;Isospan 4 Holzbetonmantelsteine Normalstein N 25 ohne Füllbeton;Mineralische Baustoffe / Steine und Elemente / Betonfertigteile und Betonwaren;1;qm;Isospan 4 Holzbetonmantelsteine Normalstein N 25 ohne Füllbeton Additional Info from Xml: Die Herstellung des Holzspanbetons erfolgt im Werk in Ramingstein. Dabei werden Holzspäne, Zement und Wasser gemischt und in Formkästen gefüllt.;;78;312;0,25;;;;;Bezugseinheit und Schichtdicke;;;
0504b48b-81ca-47b4-bc7a-ecdaa6701cc9;Isospan 4 Holzbetonmantelsteine Normalstein TW 30 ohne Füllbeton;Mineralische Baustoffe / Steine und Elemente / Betonfertigteile und Betonwaren;1;qm;Isospan 4 Holzbetonmantelsteine Normalstein TW 30 ohne Füllbeton Additional Info from Xml: Die Herstellung des Holzspanbetons erfolgt im Werk in Ramingstein. Dabei werden Holzspäne, Zement und Wasser gemischt und in Formkästen gefüllt.;;105,4;351;0,3;;;;;Bezugseinheit und Schichtdicke;;;
ab0a0f3c-41f6-4b0a-a12c-f8bd0c8a4a23;Betonfertigteil Treppe (1,1 m Breite, 9 Stufen a 16 cm);Mineralische Baustoffe / Steine und Elemente / Betonfertigteile und Betonwaren;1;pcs.;Betonfertigteil Treppe (1,1 m Breite, 9 Stufen a 16 cm) (Stück);;;;;;;;;;Die Lebenszyklusanalyse von Stahlbeton-Fertigteiltreppen berücksichtigt die Herstellung von Beton (C30/37) und Bewehrungsstahl. Es wird von einer mittleren Betondichte von 2,4 t/m3, von einer Stahldichte von 7,86 t/m3 und einem Bewehrungsgehalt von 0,6 Vol.-% ausgegangen. Es handelt sich um eine 1,1 m breite Standardtreppe mit 9 Stufen à 16 cm. Die Systemgrenze bildet das fertige Produkt am Werkstor. Transporte vom Werk zur Baustelle sind nicht berücksichtigt und müssen bei Systembetrachtungen eingerechnet werden.;Datensatz nicht verwendbar;
826fa2c2-c691-4844-83d3-aea0e8a54bcd;Dachziegel;Mineralische Baustoffe / Steine und Elemente / Dachziegel;1;qm;Dachziegel (m2);;45;2180;;;;;;Rohdichte;Ökobaudat Konfiguration;Cladding → ok in m²;
def9e058-ac16-489e-9457-db7645404194;Mineralfaser Deckenplatten (Dicke 0,015 m);Mineralische Baustoffe / Steine und Elemente / Deckenplatten;1;qm;Mineralfaser Deckenplatten [m2];;2,4;;15;;;;;Schichtdicke;Name;;
da72684f-471c-425b-817d-69f262323f04;Gipskartonplatte (Feuerschutz)(Dicke 0,0125 m);Mineralische Baustoffe / Steine und Elemente / Gipsplatten;1;qm;Gipskartonplatte (Feuerschutz) [m2];;10;;0,0125;;;;;Schichtdicke;Name;;
6d535792-4351-4d7d-97c6-6d2c3624f3e0;Gipsfaserplatte (Dicke 0,01 m);Mineralische Baustoffe / Steine und Elemente / Gipsplatten;1;qm;Gipsfaserplatte (m2);;10;;0,01;;;;;Schichtdicke;Name;;
38a8d707-0c7f-4d91-a3db-9b5b2c9bb147;Gipswandbauplatte (Dicke 0,1 m);Mineralische Baustoffe / Steine und Elemente / Gipsplatten;1;qm;Gipswandbauplatte (m2);;84;;0,1;;;;;Schichtdicke;Name;;
07423e99-8c7c-4e93-8311-dcf7ae85c41d;Gipskartonplatte (imprägniert) (Dicke 0,0125 m);Mineralische Baustoffe / Steine und Elemente / Gipsplatten;1;qm;Gipskartonplatte (imprägniert) [m2];;10;;0,0125;;;;;Schichtdicke;Name;;
207cde6a-73be-4ffb-972d-30d3d8619fc3;Gipskartonplatte (Lochplatte);Mineralische Baustoffe / Steine und Elemente / Gipsplatten;1;qm;Gipskartonplatte (Lochplatte) [m2];;8,5;680;;;;;;Rohdichte;Ökobaudat Konfiguration;;
6aff7a60-d7cd-430e-8b15-02556b6f62ff;Lehmbauplatte (Dicke 0,02 m);Mineralische Baustoffe / Steine und Elemente / Lehmsteine;1;qm;Lehmbauplatte [m2];;14;;0,02;;;;;Schichtdicke;Name;;
ef0d9cbc-4e89-4e78-8cb2-68f02a49b87d;Natursteinplatte, weich, Innenboden (Dicke 0,020 m);Mineralische Baustoffe / Steine und Elemente / Naturwerkstein;1;qm;Natursteinplatte, weich, Innenboden (m2);;52;;0,02;;;;;Schichtdicke;Name;;
e9be7506-62ce-45b8-853f-c45c3f82401f;Marmorplatte (Dicke 0,02 m);Mineralische Baustoffe / Steine und Elemente / Naturwerkstein;1;qm;Marmorplatte [m2];;52;;0,02;;;;;Schichtdicke;Name;;
e8db532f-ee15-42a4-89c3-5ef789e1fb8f;Natursteinplatte, hart, Innenboden (Dicke 0,02 m);Mineralische Baustoffe / Steine und Elemente / Naturwerkstein;1;qm;Natursteinplatte, hart, Innenboden (m2);;52;;0,02;;;;;Schichtdicke;Name;;
da4b704a-c901-414f-943f-8e1ff0f4566c;Natursteinplatte, hart, Außenbereich (Dicke 0,08 m);Mineralische Baustoffe / Steine und Elemente / Naturwerkstein;1;qm;Natursteinplatte, hart, Außenbereich (m2);;208;;0,08;;;;;Schichtdicke;Name;;
cb3f4a56-460c-4a3e-ae43-3e0a9dcb4319;Natursteinplatte, hart, Fassade (Dicke 0,030 m);Mineralische Baustoffe / Steine und Elemente / Naturwerkstein;1;qm;Natursteinplatte, hart, Fassade (m2);;78;;0,03;;;;;Schichtdicke;Name;;
79075297-4dc0-42c6-bc90-e3bf9fa0fb4c;Natursteinplatte, weich, Fassade;Mineralische Baustoffe / Steine und Elemente / Naturwerkstein;1;qm;Natursteinplatte, weich, Fassade (m2);;104;2600;;;;;;Rohdichte;Ökobaudat Konfiguration;;
ab574186-139f-4816-b7c1-d457b1258c7d;Trockenestrich (Gipskartonplatte) (Dicke 0,025 m);Mineralische Baustoffe / Steine und Elemente / Trockenestrich;1;qm;Trockenestrich (Gipskartonplatte) [m2];;20,07;;25;;;;;Schichtdicke;Name;;
a9a79b38-dc2c-4b51-a3cc-cf9fa0d299e7;Trockenestrich (Gipsfaserplatte) (Dicke 0,025 m);Mineralische Baustoffe / Steine und Elemente / Trockenestrich;1;qm;Trockenestrich (Gipsfaserplatte) [m2];;24,07;;25;;;;;Schichtdicke;Name;;
8de12467-96a0-459e-9f97-90e95fb7b23f;Naturbims Körnung;Mineralische Baustoffe / Zuschläge / Bims;1;kg;Bimskies;;;300;;;;;;Rohdichte;Ökobaudat Konfiguration;;
e2306538-776d-4bc5-ae3b-1c920fb40285;Blähglas Körnung;Mineralische Baustoffe / Zuschläge / Blähglas;1;kg;Blähglas;;;155;;;;;;Rohdichte;Ökobaudat Konfiguration;;
f70e7397-ab7b-47c8-a172-6992a615ee2e;Blähton Körnung;Mineralische Baustoffe / Zuschläge / Blähton;1;kg;Blähton Korn;;;400;;;;;;Rohdichte;Ökobaudat Konfiguration;;
3749834e-307f-4cb2-b903-4ef4bd463446;Blähton Sand;Mineralische Baustoffe / Zuschläge / Blähton;1;kg;Blähton Sand;500;;;;;;;;;;Schüttdichte steht i Ökobaudat Konfiguration als Rohdichte drin → als Umrechnungsfaktor ok;
7502766c-df2f-4f8d-8d45-17bb6938eac8;Splitt 2/15 (getrocknet);Mineralische Baustoffe / Zuschläge / Naturstein;1;kg;Splitt (2/15);;;1300;;;;;;Rohdichte;Ökobaudat Konfiguration;;
26ad7410-7fcb-42e8-b622-d1ba2edbf10c;Splitt 2/15;Mineralische Baustoffe / Zuschläge / Naturstein;1;kg;Splitt (2/15);;;1500;;;;;;Rohdichte;Ökobaudat Konfiguration;;
82c7e263-3026-45f8-aec7-ebdf818464e4;Perlite 0-1;Mineralische Baustoffe / Zuschläge / Perlite;1;kg;Perlite (0/1);;;1000;;;;;;Rohdichte;Ökobaudat Konfiguration;;
44c57da1-24ce-488d-b4f9-283fa603cc9d;Perlite 0-3;Mineralische Baustoffe / Zuschläge / Perlite;1;kg;Perlite (0/3);;;1000;;;;;;Rohdichte;Ökobaudat Konfiguration;;
